編號,寄送日期,農場主人,蜂箱數量,地址,設施面積(分),栽種作物
6,7月22日,王XX,9,高雄市苓雅區中正二路148號,7.2,哈密瓜
19,7月26日,黃XX,8,高雄市前鎮區民權二路123號,8.2,哈密瓜
23,7月19日,蔡XX,9,高雄市前金區中山二路123號,9.3,哈密瓜
27,7月20日,李XX,10,新竹縣竹北市光明南路123號,3.2,哈密瓜
33,8月12日,陳XX,1,台北市大同區民生西路123號,3.9,哈密瓜
40,7月15日,陳XX,7,新竹市東區中正路123號,9.2,哈密瓜
48,7月29日,陳XX,7,新竹縣竹北市光明六路123號,6.2,哈密瓜
57,7月5日,吳XX,1,高雄市苓雅區中山二路123號,6.8,哈密瓜
60,7月8日,蔡XX,3,新竹市北區大學路123號,7.6,哈密瓜
67,7月20日,陳XX,1,台北市信義區松山路123號,6.2,哈密瓜
75,8月14日,陳XX,7,新竹市東區中華路123號,6.6,哈密瓜
88,7月30日,陳XX,4,新竹市北區大學路123號,9.5,哈密瓜
95,7月6日,陳XX,4,台北市信義區松高路123號,5.9,哈密瓜
104,7月28日,林XX,2,台北市信義區松高路123號,7.3,哈密瓜
107,8月10日,林XX,10,高雄市前金區中山二路123號,7.6,哈密瓜
114,7月23日,李XX,9,高雄市三民區立德路123號,6.4,哈密瓜
118,7月5日,陳XX,1,新北市板橋區中山路123號,8.3,哈密瓜
124,8月18日,陳XX,8,台中市南區大慶街123號,8.1,哈密瓜
127,7月5日,林XX,2,台中市北區一中街123號,7.9,哈密瓜
133,7月1日,陳XX,9,台北市信義區松高路123號,7.1,哈密瓜
139,8月12日,王XX,1,新北市板橋區中山路123號,9.6,哈密瓜
147,8月3日,林XX,8,高雄市三民區立德路123號,7.8,哈密瓜
150,8月22日,陳XX,10,台北市信義區松高路123號,4.9,哈密瓜
152,7月31日,陳XX,9,新北市三峽區大埔路123號,5.2,哈密瓜
155,7月27日,陳XX,8,桃園市桃園區中山路123號,6.8,哈密瓜
159,7月16日,蔡XX,10,新竹市東區經國路123號,6.4,哈密瓜
167,7月10日,陳XX,1,高雄市三民區立德路123號,6.1,哈密瓜
169,8月17日,王XX,10,新北市三峽區大埔路123號,3.4,哈密瓜
174,7月11日,王XX,4,台中市北區成功路123號,6.7,哈密瓜
181,7月22日,陳XX,8,台南市北區成功路123號,6.2,哈密瓜
188,8月2日,陳XX,5,桃園市中壢區民族路123號,8.1,哈密瓜
194,7月30日,林XX,1,高雄市三民區民族一路123號,3.8,哈密瓜
202,7月1日,吳XX,2,新北市三峽區大埔路123號,3.4,哈密瓜
209,7月22日,陳XX,5,台北市大同區民生西路123號,3.7,哈密瓜
216,7月31日,王XX,1,台中市北區成功路123號,4.9,哈密瓜
220,7月26日,林XX,10,台中市北區一中街123號,3.2,哈密瓜
225,7月4日,吳XX,1,高雄市三民區民族一路123號,9.2,哈密瓜
229,7月8日,陳XX,6,新竹市東區中華路123號,4.3,哈密瓜
236,7月19日,陳XX,6,新竹市東區中華路123號,3.6,哈密瓜
242,7月24日,王XX,9,台北市大同區民生西路123號,8.1,哈密瓜
246,7月4日,林XX,10,高雄市三民區民族一路123號,6.7,哈密瓜
250,8月9日,陳XX,5,新竹市東區中華路123號,6.8,哈密瓜
254,7月15日,吳XX,9,新北市三峽區大埔路123號,7.9,哈密瓜
259,8月12日,吳XX,2,高雄市三民區立德路123號,9.4,哈密瓜
263,7月13日,陳XX,5,新竹市東區中華路123號,6.5,哈密瓜
266,7月18日,林XX,9,高雄市三民區民族一路123號,8.2,哈密瓜
272,7月7日,王XX,10,桃園市桃園區中山路123號,6.4,哈密瓜
278,7月29日,陳XX,6,桃園市桃園區中山路123號,5.9,哈密瓜
283,7月21日,陳XX,9,台北市大同區民生西路123號,9.5,哈密瓜
289,8月5日,吳XX,3,台北市大同區民生西路123號,8.7,哈密瓜
293,7月8日,陳XX,2,台中市北區成功路123號,5.8,哈密瓜
298,7月3日,陳XX,10,高雄市三民區立德路123號,9.5,哈密瓜
306,8月7日,王XX,7,桃園市中壢區中央西路123號,9.5,哈密瓜
312,7月3日,陳XX,2,桃園市龍潭區中正路123號,4.8,哈密瓜
321,7月26日,吳XX,2,台北市中正區忠孝東路123號,4.2,哈密瓜
327,7月26日,陳XX,2,台南市安南區安和路123號,7.9,哈密瓜
333,7月13日,林XX,8,新竹市東區東門街123號,7.1,哈密瓜
339,7月18日,王XX,8,台中市西屯區文心路123號,6.4,哈密瓜
345,7月30日,陳XX,3,桃園市中壢區中央西路123號,9.7,哈密瓜
351,7月2日,吳XX,2,桃園市八德區大興路123號,6.5,哈密瓜
357,7月16日,陳XX,4,台南市安南區安和路123號,5.8,哈密瓜
363,7月25日,林XX,3,新竹市東區東門街123號,7.5,哈密瓜
369,8月8日,王XX,7,桃園市中壢區中央西路123號,5.4,哈密瓜
375,7月15日,陳XX,3,桃園市中壢區中央西路123號,3.4,哈密瓜
381,7月17日,吳XX,2,桃園市八德區大興路123號,5.6,哈密瓜
387,7月27日,陳XX,4,台南市安南區安和路123號,3.4,哈密瓜
393,7月29日,林XX,3,新竹市東區東門街123號,5.2,哈密瓜
399,7月23日,王XX,7,桃園市中壢區中央西路123號,8.2,哈密瓜
405,7月14日,陳XX,3,桃園市中壢區中央西路123號,4.3,哈密瓜
411,7月24日,吳XX,2,桃園市八德區大興路123號,6.5,哈密瓜
417,7月13日,陳XX,4,台南市安南區安和路123號,6.8,哈密瓜
423,8月10日,林XX,3,新竹市東區東門街123號,7.3,哈密瓜
429,7月11日,王XX,7,桃園市中壢區中央西路123號,4.9,哈密瓜
435,7月25日,陳XX,3,桃園市中壢區中央西路123號,4.3,哈密瓜
441,7月3日,吳XX,2,桃園市八德區大興路123號,6.5,哈密瓜
447,7月10日,陳XX,4,台南市安南區安和路123號,6.8,哈密瓜
453,7月12日,林XX,3,新竹市東區東門街123號,7.3,哈密瓜
459,7月14日,王XX,7,桃園市中壢區中央西路123號,4.9,哈密瓜
465,7月23日,陳XX,3,桃園市中壢區中央西路123號,4.3,哈密瓜
471,7月5日,吳XX,2,桃園市八德區大興路123號,6.5,哈密瓜
477,7月21日,陳XX,4,台南市安南區安和路123號,6.8,哈密瓜
483,7月9日,林XX,3,新竹市東區東門街123號,7.3,哈密瓜
489,8月4日,王XX,7,桃園市中壢區中央西路123號,4.9,哈密瓜
495,7月30日,陳XX,3,桃園市中壢區中央西路123號,4.3,哈密瓜
7,9月26日,林XX,3,台中市北區北平路34號,4.5,大黃瓜
49,10月15日,李XX,1,台中市西屯區台灣大道四段123號,4.3,大黃瓜
78,11月4日,王XX,10,高雄市三民區立德路123號,5.8,大黃瓜
13,10月29日,王XX,6,台中市北屯區大連路123號,5.1,大黃瓜
803,12月29日,黃XX,7,新北市板橋區文化路,3.6,大黃瓜
611,11月15日,吳XX,8,桃園市八德區大興路123號,2.4,大黃瓜
616,12月18日,吳XX,7,台北市大同區民權西路123號,5.6,大黃瓜
625,10月14日,陳XX,8,高雄市鼓山區明誠三路123號,3.5,大黃瓜
641,10月17日,吳XX,8,桃園市八德區大興路123號,2.4,大黃瓜
646,12月2日,吳XX,7,台北市大同區民權西路123號,5.6,大黃瓜
655,12月25日,陳XX,8,高雄市鼓山區明誠三路123號,3.5,大黃瓜
671,10月30日,吳XX,8,桃園市八德區大興路123號,2.4,大黃瓜
676,10月4日,吳XX,7,台北市大同區民權西路123號,5.6,大黃瓜
685,11月18日,陳XX,8,高雄市鼓山區明誠三路123號,3.5,大黃瓜
701,11月21日,吳XX,8,桃園市八德區大興路123號,2.4,大黃瓜
706,11月30日,吳XX,7,台北市大同區民權西路123號,5.6,大黃瓜
715,11月12日,陳XX,8,高雄市鼓山區明誠三路123號,3.5,大黃瓜
726,12月4日,陳XX,2,新竹市東區明湖路,3.9,大黃瓜
736,9月23日,吳XX,7,台南市東區大學路,1.9,大黃瓜
743,11月19日,王XX,2,高雄市左營區新莊一路,3.8,大黃瓜
756,10月18日,王XX,8,高雄市鳳山區中山東路,3.9,大黃瓜
765,12月21日,吳XX,5,台南市南區中正路,3.7,大黃瓜
769,12月14日,吳XX,9,台北市中山區民權東路,4.5,大黃瓜
772,11月8日,王XX,8,高雄市左營區新莊一路,4.2,大黃瓜
777,12月9日,吳XX,4,台南市東區東寧路,3.4,大黃瓜
789,11月29日,吳XX,9,台南市南區中正路,3.3,大黃瓜
794,10月3日,林XX,8,新北市板橋區新站路,4.6,大黃瓜
797,11月20日,吳XX,9,台北市中山區民權東路,3.9,大黃瓜
610,9月25日,陳XX,5,新北市三峽區大同路123號,3.1,大黃瓜
624,10月22日,王XX,4,新竹市北區水源街123號,4.7,大黃瓜
640,12月23日,陳XX,5,新北市三峽區大同路123號,3.1,大黃瓜
654,12月30日,王XX,4,新竹市北區水源街123號,4.7,大黃瓜
670,11月28日,陳XX,5,新北市三峽區大同路123號,3.1,大黃瓜
684,9月27日,王XX,4,新竹市北區水源街123號,4.7,大黃瓜
700,11月25日,陳XX,5,新北市三峽區大同路123號,3.1,大黃瓜
714,12月12日,王XX,4,新竹市北區水源街123號,4.7,大黃瓜
730,12月5日,陳XX,3,高雄市鳳山區文化路,3.8,小黃瓜
739,11月7日,王XX,8,高雄市前金區六合二路,3.5,小黃瓜
748,10月11日,陳XX,8,高雄市三民區博愛一路,4.3,小黃瓜
751,12月15日,王XX,4,高雄市苓雅區光華一路,2.1,小黃瓜
760,11月16日,王XX,4,高雄市三民區明誠一路,2.9,小黃瓜
764,12月7日,王XX,1,高雄市鳳山區文化路,2.6,小黃瓜
768,10月20日,王XX,4,高雄市三民區建國三路,2.8,小黃瓜
773,11月6日,吳XX,1,台北市中山區民權東路,3.9,小黃瓜
776,12月19日,王XX,9,高雄市苓雅區光華一路,1.7,小黃瓜
781,10月5日,吳XX,1,台北市松山區光復北路,2.1,小黃瓜
788,12月28日,王XX,3,高雄市鳳山區文化路,2.8,小黃瓜
793,12月11日,吳XX,2,台北市士林區忠誠路,2.1,小黃瓜
798,10月24日,林XX,6,新北市新莊區中正路,2.8,小黃瓜
815,9月30日,吳XX,1,高雄市三民區明誠一路,2.6,小黃瓜
818,12月13日,陳XX,7,台北市中山區民權東路,3.4,小黃瓜
832,12月17日,黃XX,8,高雄市苓雅區光華一路,4.2,小黃瓜
865,9月24日,吳XX,4,高雄市鳳山區建國三路,2.9,小黃瓜
879,11月26日,林XX,5,高雄市鳳山區建國三路,3.8,小黃瓜
614,11月13日,王XX,9,新北市三重區新北路123號,6.1,櫛瓜
620,10月21日,陳XX,5,新竹市東區水源街123號,2.7,櫛瓜
631,12月8日,吳XX,7,桃園市中壢區正康路123號,6.4,櫛瓜
644,9月20日,王XX,9,新北市三重區新北路123號,6.1,櫛瓜
650,11月10日,陳XX,5,新竹市東區水源街123號,2.7,櫛瓜
661,12月1日,吳XX,7,桃園市中壢區正康路123號,6.4,櫛瓜
674,10月26日,王XX,9,新北市三重區新北路123號,6.1,櫛瓜
680,12月20日,陳XX,5,新竹市東區水源街123號,2.7,櫛瓜
691,12月3日,吳XX,7,桃園市中壢區正康路123號,6.4,櫛瓜
704,11月27日,王XX,9,新北市三重區新北路123號,6.1,櫛瓜
710,9月28日,陳XX,5,新竹市東區水源街123號,2.7,櫛瓜
744,11月3日,陳XX,4,台北市士林區忠誠路,1.7,櫛瓜
1,12月22日,陳XX,8,新北市三峽區大埔路76號,4.7,櫛瓜
17,10月28日,陳XX,7,桃園市中壢區中華路123號,4.6,櫛瓜
21,4月7日,吳XX,5,台中市南區興大路123號,3.7,櫛瓜
43,12月8日,陳XX,8,桃園市桃園區中山路123號,4.7,櫛瓜
51,1月25日,蔡XX,3,新北市三重區正義南路123號,2.7,櫛瓜
73,6月17日,林XX,8,台北市中山區南京東路一段123號,5.6,櫛瓜
80,8月28日,吳XX,9,台中市北區忠明路123號,2.7,櫛瓜
85,10月17日,黃XX,2,新北市三重區重新路123號,8.2,櫛瓜
93,8月28日,林XX,2,高雄市三民區十全一路123號,6.5,櫛瓜
98,4月14日,王XX,1,台南市北區成功路123號,4.8,櫛瓜
101,3月18日,張XX,3,台南市北區成功路123號,8.6,櫛瓜
125,5月24日,王XX,4,台北市大同區民生西路123號,5.6,櫛瓜
134,7月9日,張XX,4,桃園市中壢區民族路123號,8.3,櫛瓜
137,6月5日,林XX,7,高雄市苓雅區中山二路123號,4.7,櫛瓜
142,4月21日,吳XX,3,桃園市桃園區中山路123號,8.9,櫛瓜
160,8月7日,林XX,3,台北市信義區松仁路123號,3.8,櫛瓜
177,11月10日,陳XX,1,台中市南區大慶街123號,7.3,櫛瓜
185,9月26日,吳XX,1,台北市大同區民生西路123號,4.6,櫛瓜
193,12月14日,陳XX,8,台中市北區成功路123號,9.5,櫛瓜
198,8月2日,王XX,4,新北市板橋區中山路123號,4.3,櫛瓜
208,10月20日,吳XX,1,新北市三峽區大埔路123號,8.4,櫛瓜
218,7月16日,吳XX,3,高雄市三民區立德路123號,5.7,櫛瓜
222,11月28日,陳XX,9,新竹市東區中華路123號,4.5,櫛瓜
228,5月1日,王XX,3,台北市大同區民生西路123號,7.9,櫛瓜
233,3月26日,吳XX,2,新北市三峽區大埔路123號,9.5,櫛瓜
238,9月10日,陳XX,3,桃園市桃園區中山路123號,4.7,櫛瓜
244,10月27日,吳XX,7,台中市北區一中街123號,9.3,櫛瓜
252,12月8日,王XX,1,桃園市桃園區中山路123號,8.2,櫛瓜
256,4月6日,林XX,10,新竹市東區中華路123號,8.7,櫛瓜
262,3月29日,王XX,6,台北市大同區民生西路123號,9.8,櫛瓜
269,7月12日,吳XX,1,台北市大同區民生西路123號,3.5,櫛瓜
275,8月11日,陳XX,2,台中市北區成功路123號,4.3,櫛瓜
280,6月22日,陳XX,10,新北市三峽區大埔路123號,7.6,櫛瓜
286,12月4日,林XX,1,新北市三峽區大埔路123號,4.6,櫛瓜
291,11月18日,林XX,4,高雄市三民區立德路123號,9.4,櫛瓜
295,10月1日,陳XX,1,台北市大同區民生西路123號,4.9,櫛瓜
302,5月29日,陳XX,4,台南市中西區民族路123號,8.2,櫛瓜
309,4月16日,王XX,9,高雄市左營區博愛二路123號,8.7,櫛瓜
317,9月4日,陳XX,9,新竹市香山區香北路123號,5.7,櫛瓜
326,12月9日,吳XX,5,新北市板橋區文化路123號,5.4,櫛瓜
332,11月6日,陳XX,3,高雄市左營區博愛二路123號,4.6,櫛瓜
338,8月3日,林XX,1,台南市南區南門路123號,5.8,櫛瓜
350,10月29日,陳XX,5,台北市中正區忠孝東路123號,4.9,櫛瓜
356,4月26日,吳XX,8,新北市板橋區文化路123號,9.3,櫛瓜
362,9月20日,陳XX,7,高雄市左營區博愛二路123號,6.9,櫛瓜
368,6月17日,林XX,1,台北市信義區信義路123號,9.2,櫛瓜
380,11月27日,陳XX,5,台北市中正區忠孝東路123號,9.8,櫛瓜
386,5月22日,吳XX,8,新北市板橋區文化路123號,6.7,櫛瓜
392,12月17日,陳XX,7,高雄市左營區博愛二路123號,7.9,櫛瓜
398,8月20日,林XX,1,台北市信義區信義路123號,3.9,櫛瓜
410,7月4日,陳XX,5,台北市中正區忠孝東路123號,7.4,櫛瓜
416,10月6日,吳XX,8,新北市板橋區文化路123號,9.1,櫛瓜
422,6月3日,陳XX,7,高雄市左營區博愛二路123號,4.7,櫛瓜
428,3月25日,林XX,1,台北市信義區信義路123號,8.3,櫛瓜
440,12月19日,陳XX,5,台北市中正區忠孝東路123號,7.4,櫛瓜
446,9月7日,吳XX,8,新北市板橋區文化路123號,9.1,櫛瓜
452,11月22日,陳XX,7,高雄市左營區博愛二路123號,4.7,櫛瓜
458,8月28日,林XX,1,台北市信義區信義路123號,8.3,櫛瓜
470,5月18日,陳XX,5,台北市中正區忠孝東路123號,7.4,櫛瓜
476,7月13日,吳XX,8,新北市板橋區文化路123號,9.1,櫛瓜
482,4月23日,陳XX,7,高雄市左營區博愛二路123號,4.7,櫛瓜
488,10月18日,林XX,1,台北市信義區信義路123號,8.3,櫛瓜
500,11月24日,陳XX,5,台北市中正區忠孝東路123號,7.4,櫛瓜
505,8月17日,張XX,3,嘉義市西區文化路,2.8,櫛瓜
512,6月24日,陳XX,4,台中市南區復興路,2.9,櫛瓜
515,9月18日,陳XX,9,台中市南區忠孝路,3.5,櫛瓜
525,12月2日,王XX,2,新北市新店區安和路,2.6,櫛瓜
537,3月19日,王XX,2,新北市新店區安和路,2.6,櫛瓜
540,5月15日,林XX,6,彰化市中山路,2.8,櫛瓜
549,7月22日,王XX,2,新北市新店區安和路,2.6,櫛瓜
552,8月27日,林XX,6,彰化市中山路,2.8,櫛瓜
561,10月28日,王XX,2,新北市新店區安和路,2.6,櫛瓜
564,11月12日,林XX,6,彰化市中山路,2.8,櫛瓜
573,6月10日,王XX,2,新北市新店區安和路,2.6,櫛瓜
576,12月15日,林XX,6,彰化市中山路,2.8,櫛瓜
585,9月3日,王XX,2,新北市新店區安和路,2.6,櫛瓜
588,4月30日,林XX,6,彰化市中山路,2.8,櫛瓜
597,3月20日,王XX,2,新北市新店區安和路,2.6,櫛瓜
600,8月6日,林XX,6,彰化市中山路,2.8,櫛瓜
806,7月26日,謝XX,1,高雄市苓雅區光華一路,4.2,櫛瓜
810,11月19日,謝XX,7,桃園市桃園區民權路,4.5,櫛瓜
813,5月6日,陳XX,3,新北市板橋區文化路,2.5,櫛瓜
824,12月13日,陳XX,1,台北市松山區光復北路,3.9,櫛瓜
826,9月28日,蔡XX,9,桃園市桃園區成功路,4.6,櫛瓜
829,6月25日,黃XX,2,高雄市三民區明誠一路,3.3,櫛瓜
836,10月19日,吳XX,9,台北市松山區光復北路,3.1,櫛瓜
840,4月20日,謝XX,1,台北市松山區光復北路,3.9,櫛瓜
856,3月24日,謝XX,5,台北市大安區忠孝東路,2.9,櫛瓜
859,7月21日,陳XX,4,高雄市鳳山區中山東路,2.6,櫛瓜
863,11月5日,黃XX,1,新北市三重區重新路,2.5,櫛瓜
875,12月6日,吳XX,3,台北市大安區忠孝東路,2.6,櫛瓜
895,5月27日,蔡XX,7,高雄市鳳山區中山東路,2.8,櫛瓜
908,8月30日,吳XX,9,台北市松山區光復北路,4.1,櫛瓜
911,10月16日,吳XX,1,新北市板橋區文化路,2.9,櫛瓜
917,9月13日,林XX,3,桃園市桃園區成功路,2.8,櫛瓜
921,6月20日,謝XX,7,新北市三重區重新路,2.9,櫛瓜
929,4月1日,謝XX,7,新北市三重區重新路,2.7,櫛瓜
951,12月10日,吳XX,1,新北市板橋區文化路,2.2,櫛瓜
973,7月18日,林XX,3,桃園市桃園區成功路,2.7,櫛瓜
8,1月31日,李XX,6,新竹市東區中山路89號,8.9,水蜜桃
24,1月22日,陳XX,2,新北市三重區重新路123號,7.1,水蜜桃
61,1月12日,陳XX,8,新北市新莊區中正路123號,8.9,水蜜桃
76,1月11日,張XX,4,新北市三重區重新路123號,4.3,水蜜桃
87,1月1日,李XX,10,台中市南區興大路123號,3.2,水蜜桃
2,9月27日,吳XX,4,台南市中西區民族路56號,2.3,洋香瓜
29,10月5日,陳XX,7,新北市三重區重新路123號,2.8,洋香瓜
34,11月28日,黃XX,10,台南市南區大學路123號,8.7,洋香瓜
44,11月27日,林XX,3,台北市中正區中山南路123號,5.8,洋香瓜
50,12月17日,陳XX,10,高雄市三民區民族一路123號,8.4,洋香瓜
79,12月8日,陳XX,5,新北市板橋區中山路123號,7.6,洋香瓜
81,9月28日,陳XX,3,台北市中山區南京東路三段123號,4.9,洋香瓜
86,11月4日,陳XX,5,高雄市前金區中山二路123號,5.3,洋香瓜
94,12月19日,吳XX,9,新北市三峽區大埔路123號,2.6,洋香瓜
99,12月29日,陳XX,8,台北市大同區民權西路123號,9.1,洋香瓜
113,10月27日,張XX,2,台北市中山區南京東路一段123號,9.2,洋香瓜
122,10月27日,林XX,9,高雄市三民區民族一路123號,7.4,洋香瓜
129,10月20日,陳XX,1,台南市北區成功路123號,9.2,洋香瓜
136,10月25日,陳XX,2,新竹市東區中華路123號,9.8,洋香瓜
143,12月16日,陳XX,9,台北市大同區民生西路123號,4.3,洋香瓜
148,12月4日,陳XX,1,新北市三峽區大埔路123號,6.2,洋香瓜
157,11月19日,林XX,1,台中市南區大慶街123號,8.7,洋香瓜
162,11月3日,王XX,6,高雄市三民區民族一路123號,7.4,洋香瓜
168,10月6日,蔡XX,5,台北市大同區中山北路123號,7.8,洋香瓜
175,10月24日,陳XX,9,高雄市前金區中山二路123號,3.5,洋香瓜
180,11月27日,吳XX,2,新竹市東區中華路123號,3.7,洋香瓜
184,12月5日,陳XX,6,台中市北區一中街123號,8.5,洋香瓜
191,10月17日,吳XX,7,台北市大同區民生西路123號,6.8,洋香瓜
195,12月15日,陳XX,6,台北市大同區民生西路123號,7.2,洋香瓜
203,10月18日,王XX,9,台中市北區成功路123號,8.2,洋香瓜
207,10月24日,陳XX,6,高雄市三民區立德路123號,6.7,洋香瓜
212,10月22日,陳XX,7,桃園市桃園區中山路123號,9.6,洋香瓜
217,10月19日,陳XX,8,桃園市桃園區中山路123號,8.3,洋香瓜
221,11月22日,王XX,4,台北市大同區民生西路123號,7.6,洋香瓜
227,12月25日,林XX,8,台中市北區成功路123號,6.6,洋香瓜
232,12月20日,陳XX,9,高雄市三民區立德路123號,6.2,洋香瓜
237,10月18日,王XX,10,台中市北區一中街123號,6.9,洋香瓜
243,11月6日,陳XX,1,新竹市東區中華路123號,3.9,洋香瓜
247,10月20日,王XX,3,新北市三峽區大埔路123號,8.5,洋香瓜
251,11月2日,林XX,7,台中市北區一中街123號,3.5,洋香瓜
255,11月20日,陳XX,4,台中市北區成功路123號,5.6,洋香瓜
261,10月13日,林XX,1,台中市北區成功路123號,3.4,洋香瓜
264,11月30日,吳XX,10,台中市北區一中街123號,4.3,洋香瓜
268,11月23日,陳XX,8,台中市北區成功路123號,7.3,洋香瓜
273,11月16日,陳XX,4,高雄市三民區立德路123號,3.7,洋香瓜
279,11月28日,吳XX,3,高雄市三民區民族一路123號,8.2,洋香瓜
284,11月10日,吳XX,2,桃園市桃園區中山路123號,3.7,洋香瓜
290,12月6日,陳XX,7,桃園市桃園區中山路123號,6.2,洋香瓜
294,11月8日,吳XX,8,新竹市東區中華路123號,7.6,洋香瓜
299,12月6日,吳XX,4,新北市三峽區大埔路123號,4.6,洋香瓜
305,10月21日,陳XX,3,台北市中山區中山北路123號,7.3,洋香瓜
311,11月4日,吳XX,7,台北市信義區信義路123號,3.5,洋香瓜
316,10月28日,吳XX,1,台北市大安區仁愛路123號,3.6,洋香瓜
320,10月17日,陳XX,7,新北市新莊區中港路123號,7.8,洋香瓜
325,11月24日,陳XX,6,台中市北區北平路123號,8.6,洋香瓜
331,11月26日,吳XX,7,台北市中山區中山北路123號,9.2,洋香瓜
337,11月23日,陳XX,6,新北市新店區中正路123號,7.5,洋香瓜
343,12月12日,林XX,9,台南市東區崇明路123號,8.1,洋香瓜
348,12月5日,林XX,1,台中市西屯區文心路123號,8.4,洋香瓜
355,12月23日,陳XX,1,台中市北區北平路123號,4.5,洋香瓜
361,11月21日,吳XX,5,台北市中山區中山北路123號,4.2,洋香瓜
367,10月16日,陳XX,4,新北市新店區中正路123號,3.8,洋香瓜
373,11月29日,林XX,8,台南市東區崇明路123號,5.3,洋香瓜
378,10月21日,林XX,1,台中市西屯區文心路123號,4.1,洋香瓜
385,11月14日,陳XX,1,台中市北區北平路123號,7.2,洋香瓜
391,12月27日,吳XX,5,台北市中山區中山北路123號,8.6,洋香瓜
397,12月11日,陳XX,4,新北市新店區中正路123號,6.8,洋香瓜
403,12月8日,林XX,8,台南市東區崇明路123號,6.2,洋香瓜
408,12月2日,林XX,1,台中市西屯區文心路123號,3.6,洋香瓜
415,12月28日,陳XX,1,台中市北區北平路123號,3.5,洋香瓜
421,11月9日,吳XX,5,台北市中山區中山北路123號,6.4,洋香瓜
427,11月15日,陳XX,4,新北市新店區中正路123號,5.6,洋香瓜
433,12月21日,林XX,8,台南市東區崇明路123號,6.2,洋香瓜
438,11月5日,林XX,1,台中市西屯區文心路123號,3.6,洋香瓜
445,12月9日,陳XX,1,台中市北區北平路123號,3.5,洋香瓜
451,12月17日,吳XX,5,台北市中山區中山北路123號,6.4,洋香瓜
457,11月10日,陳XX,4,新北市新店區中正路123號,5.6,洋香瓜
463,11月14日,林XX,8,台南市東區崇明路123號,6.2,洋香瓜
468,10月14日,林XX,1,台中市西屯區文心路123號,3.6,洋香瓜
475,12月29日,陳XX,1,台中市北區北平路123號,3.5,洋香瓜
481,12月6日,吳XX,5,台北市中山區中山北路123號,6.4,洋香瓜
487,11月15日,陳XX,4,新北市新店區中正路123號,5.6,洋香瓜
493,12月14日,林XX,8,台南市東區崇明路123號,6.2,洋香瓜
498,1月31日,林XX,1,台中市西屯區文心路123號,3.6,洋香瓜
16,1月19日,張XX,1,台南市中西區民權路123號,2.9,甜桃
37,1月12日,陳XX,2,台北市松山區八德路123號,4.1,甜桃
54,1月29日,林XX,2,新北市三重區重新路123號,3.1,甜桃
69,1月5日,陳XX,4,新北市三重區重新路123號,7.1,甜桃
5,11月25日,陳XX,5,台中市南區建國南路二段2號,3.1,百香果
14,11月30日,陳XX,3,高雄市三民區民族一路123號,7.8,百香果
18,11月11日,蔡XX,4,台中市西屯區惠來路123號,5.7,百香果
22,12月18日,林XX,3,台北市大同區民權西路123號,4.9,百香果
35,11月4日,林XX,3,台中市西屯區惠來路123號,2.5,百香果
41,10月3日,王XX,1,高雄市前鎮區一心一路123號,6.3,百香果
52,11月7日,張XX,8,台南市中西區府前路123號,9.5,百香果
59,10月17日,林XX,6,台北市大安區羅斯福路123號,4.3,百香果
66,11月11日,蔡XX,7,新北市三峽區大埔路123號,3.9,百香果
74,11月4日,蔡XX,2,高雄市前鎮區中山二路123號,8.3,百香果
83,10月6日,陳XX,1,新北市中和區中山路123號,3.1,百香果
91,12月22日,王XX,1,桃園市中壢區民族路123號,8.3,百香果
102,1月10日,吳XX,6,高雄市三民區立德路123號,6.7,百香果
108,1月4日,王XX,3,新竹市北區大學路123號,6.1,百香果
112,11月11日,林XX,8,新北市三峽區大埔路123號,3.6,百香果
115,1月11日,陳XX,6,新竹市東區中華路123號,5.7,百香果
119,11月4日,王XX,5,台中市北區忠明路123號,9.5,百香果
126,12月9日,陳XX,7,桃園市桃園區中山路123號,3.4,百香果
132,10月20日,林XX,3,新北市三峽區大埔路123號,3.7,百香果
140,1月10日,林XX,5,台中市南區大慶街123號,6.2,百香果
144,12月20日,王XX,2,台南市北區成功路123號,6.7,百香果
153,12月9日,吳XX,7,台北市大同區民生西路123號,4.5,百香果
161,11月25日,陳XX,8,台南市北區成功路123號,9.1,百香果
166,11月30日,王XX,9,台中市北區一中街123號,3.7,百香果
173,12月16日,陳XX,7,台北市信義區松高路123號,9.2,百香果
179,11月30日,陳XX,5,台北市大同區民生西路123號,9.1,百香果
187,12月22日,王XX,4,台中市北區成功路123號,6.9,百香果
190,11月25日,陳XX,2,新北市三峽區大埔路123號,7.6,百香果
197,12月22日,陳XX,10,桃園市桃園區中山路123號,6.4,百香果
200,12月22日,林XX,2,台南市北區成功路123號,8.7,百香果
205,12月22日,林XX,8,新竹市東區中華路123號,4.1,百香果
211,1月4日,王XX,2,台中市北區成功路123號,7.2,百香果
215,12月20日,林XX,5,新竹市東區中華路123號,7.4,百香果
224,12月9日,陳XX,7,桃園市桃園區中山路123號,5.4,百香果
231,12月20日,王XX,4,桃園市桃園區中山路123號,5.7,百香果
235,12月20日,林XX,1,台北市大同區民生西路123號,8.3,百香果
241,12月20日,林XX,5,台中市北區成功路123號,6.4,百香果
248,12月9日,陳XX,8,台中市北區成功路123號,5.9,百香果
258,11月6日,陳XX,8,桃園市桃園區中山路123號,6.1,百香果
265,11月4日,陳XX,4,桃園市桃園區中山路123號,5.6,百香果
271,12月22日,林XX,3,台中市北區一中街123號,5.2,百香果
277,12月22日,王XX,1,台北市大同區民生西路123號,3.4,百香果
282,12月22日,王XX,4,新竹市東區中華路123號,4.8,百香果
288,11月25日,陳XX,10,新竹市東區中華路123號,5.3,百香果
297,11月30日,王XX,3,桃園市桃園區中山路123號,8.2,百香果
304,1月11日,吳XX,8,新竹市北區中正路123號,6.1,百香果
310,11月30日,陳XX,4,新竹市東區東門街123號,5.9,百香果
315,12月18日,陳XX,6,台南市南區南門路123號,9.3,百香果
319,1月11日,王XX,4,台中市西屯區文心路123號,3.9,百香果
324,12月18日,王XX,1,新竹市東區東門街123號,4.7,百香果
330,11月4日,陳XX,1,新竹市北區中正路123號,3.5,百香果
336,11月30日,吳XX,9,高雄市前鎮區中華五路123號,3.7,百香果
342,11月11日,陳XX,2,新北市三重區重新路123號,4.5,百香果
347,12月22日,陳XX,4,新竹市北區中正路123號,5.6,百香果
354,12月22日,王XX,6,新竹市東區東門街123號,7.1,百香果
360,11月4日,陳XX,2,新竹市北區中正路123號,8.6,百香果
366,11月25日,吳XX,8,高雄市前鎮區中華五路123號,7.1,百香果
372,12月18日,陳XX,2,新北市三重區重新路123號,9.5,百香果
377,12月20日,陳XX,4,新竹市北區中正路123號,7.2,百香果
384,11月25日,王XX,6,新竹市東區東門街123號,4.9,百香果
390,12月20日,陳XX,2,新竹市北區中正路123號,4.3,百香果
396,11月25日,吳XX,8,高雄市前鎮區中華五路123號,7.5,百香果
402,12月20日,陳XX,2,新北市三重區重新路123號,8.7,百香果
407,12月22日,陳XX,4,新竹市北區中正路123號,5.7,百香果
414,12月16日,王XX,6,新竹市東區東門街123號,7.7,百香果
420,1月11日,陳XX,2,新竹市北區中正路123號,5.9,百香果
426,11月25日,吳XX,8,高雄市前鎮區中華五路123號,7.2,百香果
432,1月4日,陳XX,2,新北市三重區重新路123號,8.7,百香果
437,12月20日,陳XX,4,新竹市北區中正路123號,5.7,百香果
444,12月20日,王XX,6,新竹市東區東門街123號,7.7,百香果
450,12月16日,陳XX,2,新竹市北區中正路123號,5.9,百香果
456,1月4日,吳XX,8,高雄市前鎮區中華五路123號,7.2,百香果
462,11月6日,陳XX,2,新北市三重區重新路123號,8.7,百香果
467,12月9日,陳XX,4,新竹市北區中正路123號,5.7,百香果
474,11月11日,王XX,6,新竹市東區東門街123號,7.7,百香果
480,12月22日,陳XX,2,新竹市北區中正路123號,5.9,百香果
486,11月25日,吳XX,8,高雄市前鎮區中華五路123號,7.2,百香果
492,12月20日,陳XX,2,新北市三重區重新路123號,8.7,百香果
497,11月11日,陳XX,4,新竹市北區中正路123號,5.7,百香果
804,12月20日,黃XX,3,新北市三重區重新路,2.8,百香果
811,11月30日,王XX,4,高雄市鳳山區中山東路,2.9,百香果
831,1月4日,吳XX,1,桃園市桃園區中正路,3.2,百香果
837,11月25日,陳XX,6,新北市板橋區文化路,2.9,百香果
848,12月9日,林XX,1,台北市大同區重慶北路,2.8,百香果
855,1月11日,林XX,9,高雄市苓雅區光華一路,3.8,百香果
861,12月22日,吳XX,3,新北市板橋區新站路,2.8,百香果
871,11月25日,吳XX,1,台北市松山區光復北路,3.7,百香果
876,1月4日,謝XX,6,新北市三重區重新路,2.1,百香果
882,12月20日,蔡XX,4,桃園市桃園區成功路,2.8,百香果
897,11月30日,謝XX,8,新北市三重區重新路,2.6,百香果
9,8月20日,陳XX,1,桃園市桃園區民族路89號,2.4,絲瓜
25,8月29日,王XX,6,台南市北區成功路123號,8.4,絲瓜
32,9月24日,蔡XX,8,新北市三峽區大埔路123號,7.6,絲瓜
39,9月27日,李XX,4,台南市東區裕農路123號,8.9,絲瓜
47,9月26日,王XX,2,新北市板橋區中山路123號,3.5,絲瓜
62,9月11日,王XX,1,高雄市苓雅區福安路123號,9.2,絲瓜
71,9月29日,吳XX,6,高雄市苓雅區中山二路123號,9.7,絲瓜
77,9月24日,林XX,1,台北市中正區中山南路123號,3.5,絲瓜
89,9月12日,張XX,3,高雄市前鎮區民權二路123號,6.4,絲瓜
106,8月25日,陳XX,4,台中市南區興大路123號,3.2,絲瓜
109,9月14日,陳XX,7,台北市大安區和平東路123號,5.4,絲瓜
117,9月22日,吳XX,10,高雄市苓雅區中山二路123號,2.9,絲瓜
121,9月29日,陳XX,2,台南市北區成功路123號,3.5,絲瓜
123,9月6日,張XX,3,新北市三重區正義南路123號,6.8,絲瓜
128,9月27日,吳XX,6,新北市三重區重新路123號,4.3,絲瓜
130,9月30日,李XX,10,台中市西屯區朝富路123號,8.7,絲瓜
138,9月8日,陳XX,10,台北市大同區民生西路123號,3.2,絲瓜
145,9月15日,陳XX,7,新竹市東區中華路123號,5.1,絲瓜
149,9月20日,蔡XX,5,桃園市中壢區民族路123號,8.4,絲瓜
151,9月15日,王XX,3,高雄市三民區立德路123號,9.3,絲瓜
156,9月23日,王XX,4,新北市板橋區中山路123號,2.3,絲瓜
158,9月17日,陳XX,5,高雄市苓雅區中山二路123號,5.9,絲瓜
163,9月7日,陳XX,2,新北市三重區正義南路123號,5.6,絲瓜
165,9月20日,陳XX,4,新竹市東區中華路123號,8.9,絲瓜
170,8月25日,陳XX,3,桃園市中壢區民族路123號,8.3,絲瓜
172,8月25日,吳XX,2,新竹市北區東區大學路123號,4.6,絲瓜
176,9月17日,林XX,6,新北市板橋區中山路123號,8.9,絲瓜
183,9月16日,林XX,7,新北市三峽區大埔路123號,5.8,絲瓜
189,9月12日,林XX,10,高雄市三民區立德路123號,4.3,絲瓜
196,9月21日,吳XX,5,台中市北區成功路123號,8.9,絲瓜
201,9月9日,陳XX,7,高雄市三民區立德路123號,6.9,絲瓜
206,8月29日,王XX,3,台中市北區一中街123號,9.3,絲瓜
213,9月5日,吳XX,4,高雄市三民區民族一路123號,3.5,絲瓜
219,8月29日,陳XX,6,新北市三峽區大埔路123號,9.1,絲瓜
226,8月29日,陳XX,5,新北市三峽區大埔路123號,3.8,絲瓜
239,9月30日,吳XX,8,高雄市三民區立德路123號,7.2,絲瓜
245,8月30日,陳XX,4,桃園市桃園區中山路123號,4.6,絲瓜
253,8月30日,陳XX,6,高雄市三民區立德路123號,4.3,絲瓜
260,9月12日,陳XX,7,新北市三峽區大埔路123號,7.7,絲瓜
267,9月8日,王XX,2,新北市三峽區大埔路123號,4.9,絲瓜
274,9月23日,吳XX,9,新北市三峽區大埔路123號,9.1,絲瓜
285,9月30日,陳XX,8,高雄市三民區立德路123號,8.1,絲瓜
292,8月28日,王XX,9,新北市三峽區大埔路123號,3.5,絲瓜
300,9月8日,陳XX,9,台中市北區成功路123號,6.3,絲瓜
301,9月26日,王XX,6,新北市板橋區文化路123號,3.7,絲瓜
307,9月12日,陳XX,5,新北市三重區重新路123號,4.3,絲瓜
313,9月28日,林XX,8,高雄市前鎮區中華五路123號,7.2,絲瓜
322,9月14日,陳XX,8,桃園市八德區大興路123號,6.5,絲瓜
328,9月12日,林XX,9,高雄市鳳山區文化路123號,4.3,絲瓜
334,9月17日,王XX,5,台北市信義區信義路123號,8.3,絲瓜
340,9月21日,陳XX,4,新竹市香山區香北路123號,9.8,絲瓜
344,9月13日,王XX,6,台北市中山區中山北路123號,6.3,絲瓜
349,9月9日,王XX,8,新北市新莊區中港路123號,7.2,絲瓜
352,9月18日,陳XX,9,新竹市香山區香北路123號,3.7,絲瓜
358,8月27日,林XX,1,高雄市左營區博愛二路123號,6.4,絲瓜
364,9月5日,王XX,6,台南市南區南門路123號,8.3,絲瓜
370,9月6日,陳XX,3,新竹市北區中正路123號,8.1,絲瓜
374,9月24日,王XX,5,台北市中山區中山北路123號,6.7,絲瓜
379,9月10日,王XX,8,新北市新莊區中港路123號,6.3,絲瓜
382,9月22日,陳XX,9,新竹市香山區香北路123號,7.3,絲瓜
388,9月5日,林XX,1,高雄市左營區博愛二路123號,8.9,絲瓜
394,9月29日,王XX,6,台南市南區南門路123號,4.7,絲瓜
400,9月6日,陳XX,3,新竹市北區中正路123號,5.6,絲瓜
404,9月24日,王XX,5,台北市中山區中山北路123號,7.8,絲瓜
409,9月13日,王XX,8,新北市新莊區中港路123號,5.1,絲瓜
412,9月7日,陳XX,9,新竹市香山區香北路123號,8.2,絲瓜
418,8月29日,林XX,1,高雄市左營區博愛二路123號,3.2,絲瓜
424,9月9日,王XX,6,台南市南區南門路123號,3.8,絲瓜
430,8月31日,陳XX,3,新竹市北區中正路123號,6.1,絲瓜
434,8月30日,王XX,5,台北市中山區中山北路123號,7.8,絲瓜
439,8月30日,王XX,8,新北市新莊區中港路123號,5.1,絲瓜
442,9月9日,陳XX,9,新竹市香山區香北路123號,8.2,絲瓜
448,9月13日,林XX,1,高雄市左營區博愛二路123號,3.2,絲瓜
454,9月26日,王XX,6,台南市南區南門路123號,3.8,絲瓜
460,9月9日,陳XX,3,新竹市北區中正路123號,6.1,絲瓜
464,9月5日,王XX,5,台北市中山區中山北路123號,7.8,絲瓜
469,8月27日,王XX,8,新北市新莊區中港路123號,5.1,絲瓜
472,9月17日,陳XX,9,新竹市香山區香北路123號,8.2,絲瓜
478,9月24日,林XX,1,高雄市左營區博愛二路123號,3.2,絲瓜
484,9月7日,王XX,6,台南市南區南門路123號,3.8,絲瓜
490,9月7日,陳XX,3,新竹市北區中正路123號,6.1,絲瓜
494,8月31日,王XX,5,台北市中山區中山北路123號,7.8,絲瓜
499,8月26日,王XX,8,新北市新莊區中港路123號,5.1,絲瓜
502,8月30日,陳XX,5,台中市北區三民路,2.2,絲瓜
508,8月25日,吳XX,2,新竹市東區明湖路,2.8,絲瓜
513,8月31日,王XX,2,新北市新店區安和路,2.3,絲瓜
514,9月12日,吳XX,5,新竹市東區明湖路,2.6,絲瓜
516,8月31日,林XX,6,彰化市中山路,2.8,絲瓜
518,9月8日,蔡XX,1,台南市北區成功路,2.5,絲瓜
519,9月8日,吳XX,2,新竹市東區明湖路,2.8,絲瓜
520,9月26日,許XX,6,南投縣南投市成功路,3.2,絲瓜
522,8月31日,陳XX,8,高雄市鳳山區五甲一路,3.6,絲瓜
526,9月6日,吳XX,5,新竹市東區明湖路,2.6,絲瓜
527,9月30日,陳XX,9,台中市南區忠孝路,3.5,絲瓜
528,9月10日,林XX,6,彰化市中山路,2.8,絲瓜
530,9月11日,蔡XX,1,台南市北區成功路,2.5,絲瓜
531,9月12日,吳XX,2,新竹市東區明湖路,2.8,絲瓜
532,9月25日,許XX,6,南投縣南投市成功路,3.2,絲瓜
534,8月30日,陳XX,8,高雄市鳳山區五甲一路,3.6,絲瓜
536,9月5日,林XX,4,台中市北區成功路,2.3,絲瓜
538,9月8日,吳XX,5,新竹市東區明湖路,2.6,絲瓜
539,9月15日,陳XX,9,台中市南區忠孝路,3.5,絲瓜
542,8月30日,蔡XX,1,台南市北區成功路,2.5,絲瓜
543,9月22日,吳XX,2,新竹市東區明湖路,2.8,絲瓜
544,9月21日,許XX,6,南投縣南投市成功路,3.2,絲瓜
546,9月13日,陳XX,8,高雄市鳳山區五甲一路,3.6,絲瓜
548,9月5日,林XX,4,台中市北區成功路,2.3,絲瓜
550,9月15日,吳XX,5,新竹市東區明湖路,2.6,絲瓜
551,9月22日,陳XX,9,台中市南區忠孝路,3.5,絲瓜
554,9月27日,蔡XX,1,台南市北區成功路,2.5,絲瓜
555,9月8日,吳XX,2,新竹市東區明湖路,2.8,絲瓜
556,8月30日,許XX,6,南投縣南投市成功路,3.2,絲瓜
558,9月11日,陳XX,8,高雄市鳳山區五甲一路,3.6,絲瓜
560,9月24日,林XX,4,台中市北區成功路,2.3,絲瓜
562,9月21日,吳XX,5,新竹市東區明湖路,2.6,絲瓜
563,8月26日,陳XX,9,台中市南區忠孝路,3.5,絲瓜
566,9月15日,蔡XX,1,台南市北區成功路,2.5,絲瓜
567,8月26日,吳XX,2,新竹市東區明湖路,2.8,絲瓜
568,9月23日,許XX,6,南投縣南投市成功路,3.2,絲瓜
570,9月15日,陳XX,8,高雄市鳳山區五甲一路,3.6,絲瓜
572,8月31日,林XX,4,台中市北區成功路,2.3,絲瓜
574,9月30日,吳XX,5,新竹市東區明湖路,2.6,絲瓜
575,9月5日,陳XX,9,台中市南區忠孝路,3.5,絲瓜
578,9月26日,蔡XX,1,台南市北區成功路,2.5,絲瓜
579,8月26日,吳XX,2,新竹市東區明湖路,2.8,絲瓜
580,9月12日,許XX,6,南投縣南投市成功路,3.2,絲瓜
582,9月7日,陳XX,8,高雄市鳳山區五甲一路,3.6,絲瓜
584,8月29日,林XX,4,台中市北區成功路,2.3,絲瓜
586,8月30日,吳XX,5,新竹市東區明湖路,2.6,絲瓜
587,9月22日,陳XX,9,台中市南區忠孝路,3.5,絲瓜
590,8月26日,蔡XX,1,台南市北區成功路,2.5,絲瓜
591,8月30日,吳XX,2,新竹市東區明湖路,2.8,絲瓜
592,8月28日,許XX,6,南投縣南投市成功路,3.2,絲瓜
594,9月28日,陳XX,8,高雄市鳳山區五甲一路,3.6,絲瓜
596,8月31日,林XX,4,台中市北區成功路,2.3,絲瓜
598,9月6日,吳XX,5,新竹市東區明湖路,2.6,絲瓜
599,9月17日,陳XX,9,台中市南區忠孝路,3.5,絲瓜
802,8月31日,郭XX,4,台南市永康區中正南路,2.1,絲瓜
812,9月13日,謝XX,9,台北市松山區光復北路,3.2,絲瓜
817,8月28日,謝XX,2,新北市三重區重新路,2.1,絲瓜
839,9月12日,王XX,8,高雄市鳳山區建國三路,2.5,絲瓜
851,8月30日,黃XX,7,高雄市鳳山區建國三路,3.7,絲瓜
857,9月27日,吳XX,1,新北市三重區重新路,3.2,絲瓜
870,9月30日,謝XX,5,高雄市鳳山區中山東路,2.2,絲瓜
874,9月8日,陳XX,9,高雄市苓雅區光華一路,3.3,絲瓜
878,9月1日,蔡XX,7,桃園市桃園區民生路,4.3,絲瓜
890,9月27日,蔡XX,8,桃園市桃園區民生路,3.7,絲瓜
900,9月3日,吳XX,9,台北市松山區光復北路,2.1,絲瓜
904,9月8日,吳XX,1,台北市大安區忠孝東路,3.2,絲瓜
912,9月15日,林XX,4,台北市大同區重慶北路,3.3,絲瓜
914,9月2日,吳XX,2,桃園市桃園區中正路,3.6,絲瓜
920,9月30日,林XX,4,台北市大同區重慶北路,3.7,絲瓜
976,9月8日,林XX,4,台北市大同區重慶北路,3.8,絲瓜
984,9月15日,林XX,4,台北市大同區重慶北路,3.1,絲瓜
992,8月20日,林XX,4,台北市大同區重慶北路,3.6,絲瓜
1000,8月21日,林XX,4,台北市大同區重慶北路,3.3,絲瓜
10,9月9日,張XX,10,台南市東區裕農路123號,9.5,美濃瓜
26,7月28日,陳XX,1,桃園市中壢區中華路123號,1.9,美濃瓜
63,8月19日,陳XX,5,台北市中正區重慶南路123號,2.4,美濃瓜
72,8月25日,陳XX,1,新北市新莊區中正路123號,2.8,美濃瓜
97,8月11日,陳XX,6,新北市三峽區大埔路123號,7.7,美濃瓜
504,7月30日,林XX,4,彰化市中山路,2.6,美濃瓜
517,8月14日,陳XX,7,桃園市中壢區永福路,3.7,美濃瓜
521,7月29日,林XX,7,雲林縣斗六市中正路,2.4,美濃瓜
523,8月30日,陳XX,3,台中市南區復興路,2.9,美濃瓜
524,8月22日,林XX,4,台中市北區成功路,2.3,美濃瓜
529,9月13日,陳XX,7,桃園市中壢區永福路,3.7,美濃瓜
533,7月28日,林XX,7,雲林縣斗六市中正路,2.4,美濃瓜
535,8月18日,陳XX,3,台中市南區復興路,2.9,美濃瓜
541,8月16日,陳XX,7,桃園市中壢區永福路,3.7,美濃瓜
545,8月20日,林XX,7,雲林縣斗六市中正路,2.4,美濃瓜
547,8月12日,陳XX,3,台中市南區復興路,2.9,美濃瓜
553,8月27日,陳XX,7,桃園市中壢區永福路,3.7,美濃瓜
557,8月20日,林XX,7,雲林縣斗六市中正路,2.4,美濃瓜
559,8月22日,陳XX,3,台中市南區復興路,2.9,美濃瓜
565,8月15日,陳XX,7,桃園市中壢區永福路,3.7,美濃瓜
569,8月10日,林XX,7,雲林縣斗六市中正路,2.4,美濃瓜
571,8月12日,陳XX,3,台中市南區復興路,2.9,美濃瓜
577,8月19日,陳XX,7,桃園市中壢區永福路,3.7,美濃瓜
581,8月23日,林XX,7,雲林縣斗六市中正路,2.4,美濃瓜
583,9月1日,陳XX,3,台中市南區復興路,2.9,美濃瓜
589,9月9日,陳XX,7,桃園市中壢區永福路,3.7,美濃瓜
593,9月13日,林XX,7,雲林縣斗六市中正路,2.4,美濃瓜
595,9月1日,陳XX,3,台中市南區復興路,2.9,美濃瓜
601,8月30日,陳XX,7,桃園市中壢區永福路,3.7,美濃瓜
801,8月5日,蔡XX,9,台北市大同區重慶北路,4.5,美濃瓜
805,8月9日,林XX,6,桃園市桃園區中正路,3.1,美濃瓜
816,9月6日,陳XX,5,台南市永康區中正南路,3.7,美濃瓜
820,8月7日,黃XX,9,高雄市鳳山區文化路,4.1,美濃瓜
822,8月6日,林XX,3,桃園市桃園區民生路,2.6,美濃瓜
825,8月17日,吳XX,5,新北市板橋區新站路,2.8,美濃瓜
830,8月28日,陳XX,6,台北市大安區忠孝東路,3.5,美濃瓜
835,8月3日,黃XX,4,高雄市鳳山區中山東路,2.5,美濃瓜
838,8月14日,黃XX,3,桃園市桃園區成功路,3.8,美濃瓜
841,8月31日,吳XX,7,新北市三重區重新路,4.3,美濃瓜
842,9月8日,黃XX,4,桃園市桃園區中正路,2.6,美濃瓜
847,8月28日,陳XX,5,高雄市鳳山區中山東路,3.6,美濃瓜
849,8月7日,吳XX,8,台北市松山區光復北路,4.5,美濃瓜
852,8月10日,蔡XX,3,台北市松山區光復北路,3.1,美濃瓜
854,8月16日,黃XX,2,桃園市桃園區中正路,3.4,美濃瓜
860,8月15日,林XX,7,台北市松山區光復北路,4.2,美濃瓜
864,8月14日,謝XX,9,桃園市桃園區民生路,4.4,美濃瓜
867,8月15日,吳XX,3,新北市三重區重新路,3.6,美濃瓜
872,8月13日,林XX,8,新北市板橋區文化路,3.2,美濃瓜
873,8月21日,蔡XX,4,桃園市桃園區中正路,2.6,美濃瓜
877,8月21日,吳XX,2,台北市松山區光復北路,3.4,美濃瓜
883,8月11日,吳XX,9,高雄市鳳山區中山東路,3.5,美濃瓜
885,8月29日,蔡XX,7,桃園市桃園區中正路,4.1,美濃瓜
886,8月20日,黃XX,3,高雄市三民區明誠一路,2.7,美濃瓜
888,8月7日,林XX,1,台北市大安區忠孝東路,3.9,美濃瓜
893,8月16日,陳XX,4,新北市三重區重新路,3.8,美濃瓜
896,8月12日,陳XX,3,台北市大同區重慶北路,3.3,美濃瓜
898,8月14日,吳XX,5,桃園市桃園區中正路,3.4,美濃瓜
899,8月8日,黃XX,2,高雄市三民區明誠一路,3.9,美濃瓜
913,8月29日,謝XX,7,新北市三重區重新路,2.5,美濃瓜
915,8月24日,陳XX,5,高雄市鳳山區建國三路,2.1,美濃瓜
916,8月29日,蔡XX,9,台北市松山區光復北路,4.4,美濃瓜
919,8月29日,吳XX,1,新北市板橋區文化路,2.4,美濃瓜
922,8月31日,吳XX,2,桃園市桃園區中正路,3.4,美濃瓜
923,8月30日,陳XX,5,高雄市鳳山區建國三路,2.7,美濃瓜
930,8月17日,吳XX,2,桃園市桃園區中正路,3.5,美濃瓜
935,8月18日,吳XX,1,新北市板橋區文化路,2.3,美濃瓜
939,8月21日,陳XX,5,高雄市鳳山區建國三路,2.4,美濃瓜
942,8月8日,陳XX,8,高雄市苓雅區光華一路,3.7,美濃瓜
944,8月26日,林XX,4,台北市大同區重慶北路,3.4,美濃瓜
945,8月27日,謝XX,7,新北市三重區重新路,2.8,美濃瓜
950,8月5日,陳XX,8,高雄市苓雅區光華一路,3.5,美濃瓜
954,8月20日,吳XX,2,桃園市桃園區中正路,3.4,美濃瓜
955,9月10日,陳XX,5,高雄市鳳山區建國三路,2.6,美濃瓜
957,8月28日,林XX,3,桃園市桃園區成功路,2.9,美濃瓜
958,8月22日,陳XX,8,高雄市苓雅區光華一路,3.8,美濃瓜
962,8月9日,吳XX,2,桃園市桃園區中正路,3.5,美濃瓜
967,8月27日,吳XX,1,新北市板橋區文化路,2.2,美濃瓜
972,8月30日,蔡XX,9,台北市松山區光復北路,4,美濃瓜
974,8月27日,陳XX,8,高雄市苓雅區光華一路,3.5,美濃瓜
981,8月13日,林XX,3,桃園市桃園區成功路,2.8,美濃瓜
982,8月17日,陳XX,8,高雄市苓雅區光華一路,3.9,美濃瓜
983,8月6日,吳XX,1,新北市板橋區文化路,2.2,美濃瓜
985,8月12日,謝XX,7,新北市三重區重新路,2.5,美濃瓜
993,8月5日,謝XX,7,新北市三重區重新路,2.7,美濃瓜
994,8月20日,吳XX,2,桃園市桃園區中正路,3.5,美濃瓜
997,8月6日,林XX,3,桃園市桃園區成功路,2.6,美濃瓜
609,8月24日,王XX,7,高雄市鳳山區文化路123號,4.9,美濃瓜
617,8月27日,陳XX,3,新北市永和區永和路123號,1.9,美濃瓜
622,8月5日,陳XX,3,台中市南區和平南街123號,2.5,美濃瓜
639,8月14日,王XX,7,高雄市鳳山區文化路123號,4.9,美濃瓜
647,8月20日,陳XX,3,新北市永和區永和路123號,1.9,美濃瓜
652,8月23日,陳XX,3,台中市南區和平南街123號,2.5,美濃瓜
669,8月17日,王XX,7,高雄市鳳山區文化路123號,4.9,美濃瓜
677,8月28日,陳XX,3,新北市永和區永和路123號,1.9,美濃瓜
682,8月8日,陳XX,3,台中市南區和平南街123號,2.5,美濃瓜
699,8月25日,王XX,7,高雄市鳳山區文化路123號,4.9,美濃瓜
707,8月5日,陳XX,3,新北市永和區永和路123號,1.9,美濃瓜
712,8月30日,陳XX,3,台中市南區和平南街123號,2.5,美濃瓜
4,8月13日,張XX,7,新北市三峽區永安路56號,6.8,苦瓜
20,8月25日,陳XX,1,新北市板橋區中山路123號,6.1,苦瓜
31,8月10日,陳XX,5,台中市南區工學北路123號,4.3,苦瓜
38,8月17日,張XX,9,新北市三重區重新路123號,7.4,苦瓜
46,8月12日,陳XX,4,台中市北區一中街123號,9.6,苦瓜
58,8月15日,陳XX,10,新竹市東區經國路123號,5.4,苦瓜
65,8月30日,林XX,2,台中市西屯區朝富路123號,4.9,苦瓜
82,8月25日,蔡XX,7,高雄市三民區十全一路123號,6.8,苦瓜
111,8月14日,陳XX,5,高雄市三民區十全一路123號,8.9,苦瓜
3,12月19日,林XX,2,台北市中山區南京東路二段130號,5.6,草莓
15,11月29日,林XX,9,新竹市東區公園路123號,6.4,草莓
28,12月28日,吳XX,4,台中市北區忠明路123號,5.5,草莓
30,11月13日,林XX,2,高雄市三民區河北二路123號,6.7,草莓
36,1月1日,吳XX,6,高雄市三民區立德路123號,5.8,草莓
42,11月23日,蔡XX,5,台南市北區北安路123號,2.4,草莓
45,1月8日,吳XX,9,高雄市三民區立德路123號,7.5,草莓
53,12月16日,陳XX,6,台中市南區大慶街123號,6.8,草莓
56,12月9日,陳XX,4,桃園市中壢區民族路123號,5.5,草莓
64,11月19日,張XX,9,高雄市三民區大豐路123號,5.7,草莓
68,12月22日,林XX,10,台中市南區建國南路一段123號,9.3,草莓
84,1月10日,林XX,8,台北市信義區松仁路123號,9.4,草莓
90,11月26日,陳XX,7,台北市大安區和平東路123號,7.9,草莓
96,11月22日,蔡XX,10,高雄市前鎮區中山二路123號,3.4,草莓
100,12月10日,林XX,3,高雄市三民區立德路123號,2.2,草莓
103,12月15日,李XX,9,新北市三峽區大埔路123號,5.9,草莓
105,11月21日,王XX,8,桃園市中壢區民族路123號,4.8,草莓
110,12月20日,蔡XX,1,台中市北區成功路123號,4.7,草莓
116,12月26日,林XX,4,台北市信義區松仁路123號,7.8,草莓
120,11月25日,蔡XX,7,新竹市東區經國路123號,4.2,草莓
131,11月10日,陳XX,5,高雄市三民區立德路123號,6.5,草莓
135,12月25日,吳XX,8,台南市北區成功路123號,5.4,草莓
141,1月6日,陳XX,6,高雄市三民區民族一路123號,7.5,草莓
146,11月24日,李XX,4,台中市北區一中街123號,3.6,草莓
154,1月4日,林XX,2,台南市北區成功路123號,7.6,草莓
164,12月7日,吳XX,7,台北市大同區民生西路123號,4.2,草莓
171,12月21日,林XX,8,台南市北區成功路123號,5.9,草莓
178,12月29日,王XX,10,桃園市桃園區中山路123號,4.8,草莓
182,11月15日,王XX,3,高雄市三民區立德路123號,7.4,草莓
186,12月8日,陳XX,9,新竹市東區中華路123號,3.2,草莓
192,12月6日,王XX,3,新竹市東區中華路123號,5.7,草莓
199,11月12日,陳XX,9,台北市信義區松仁路123號,5.6,草莓
204,12月27日,陳XX,4,台北市大同區民生西路123號,7.6,草莓
210,1月7日,林XX,10,新竹市東區中華路123號,5.9,草莓
214,1月11日,陳XX,9,台北市大同區民生西路123號,6.8,草莓
223,11月20日,林XX,2,台中市北區成功路123號,8.7,草莓
230,11月27日,林XX,10,台中市北區一中街123號,8.1,草莓
234,11月28日,陳XX,7,台中市北區成功路123號,4.8,草莓
240,12月13日,陳XX,2,新北市三峽區大埔路123號,5.8,草莓
249,12月30日,吳XX,2,台北市大同區民生西路123號,9.2,草莓
257,11月11日,王XX,3,台中市北區一中街123號,3.8,草莓
270,12月3日,陳XX,7,新竹市東區中華路123號,8.6,草莓
276,1月2日,林XX,8,新竹市東區中華路123號,7.8,草莓
281,11月16日,林XX,7,台中市北區成功路123號,6.3,草莓
287,12月14日,王XX,6,台中市北區成功路123號,7.9,草莓
296,12月23日,林XX,6,台中市北區一中街123號,6.7,草莓
303,1月9日,林XX,2,高雄市鳳山區光復路123號,5.6,草莓
308,11月17日,林XX,1,台南市東區崇明路123號,3.8,草莓
314,12月24日,王XX,3,新北市新店區中正路123號,6.4,草莓
318,12月17日,林XX,5,高雄市苓雅區民權一路123號,8.4,草莓
323,1月5日,林XX,3,高雄市三民區建國三路123號,9.1,草莓
329,1月3日,王XX,4,桃園市中壢區中央西路123號,6.8,草莓
335,11月18日,陳XX,2,桃園市龍潭區中正路123號,4.9,草莓
341,12月11日,吳XX,5,高雄市三民區建國三路123號,7.2,草莓
346,1月7日,吳XX,7,高雄市鳳山區文化路123號,3.8,草莓
353,12月5日,林XX,3,高雄市苓雅區民權一路123號,8.2,草莓
359,12月1日,王XX,9,桃園市中壢區中央西路123號,3.9,草莓
365,1月4日,陳XX,2,桃園市龍潭區中正路123號,4.6,草莓
371,11月14日,吳XX,6,高雄市三民區建國三路123號,4.7,草莓
376,12月4日,吳XX,7,高雄市鳳山區文化路123號,8.9,草莓
383,11月30日,林XX,3,高雄市苓雅區民權一路123號,8.5,草莓
389,12月2日,王XX,9,桃園市中壢區中央西路123號,6.1,草莓
395,1月6日,陳XX,2,桃園市龍潭區中正路123號,9.3,草莓
401,11月10日,吳XX,6,高雄市三民區建國三路123號,3.4,草莓
406,11月21日,吳XX,7,高雄市鳳山區文化路123號,9.6,草莓
413,1月5日,林XX,3,高雄市苓雅區民權一路123號,4.9,草莓
419,11月15日,王XX,9,桃園市中壢區中央西路123號,8.6,草莓
425,12月6日,陳XX,2,桃園市龍潭區中正路123號,9.5,草莓
431,12月3日,吳XX,6,高雄市三民區建國路123號,3.4,草莓
436,12月15日,吳XX,7,高雄市鳳山區文化路123號,9.6,草莓
443,12月31日,林XX,3,高雄市苓雅區民權一路123號,4.9,草莓
449,11月26日,王XX,9,桃園市中壢區中央西路123號,8.6,草莓
455,12月12日,陳XX,2,桃園市龍潭區中正路123號,9.5,草莓
461,11月22日,吳XX,6,高雄市三民區建國路123號,3.4,草莓
466,11月27日,吳XX,7,高雄市鳳山區文化路123號,9.6,草莓
473,12月18日,林XX,3,高雄市苓雅區民權一路123號,4.9,草莓
479,11月23日,王XX,9,桃園市中壢區中央西路123號,8.6,草莓
485,11月12日,陳XX,2,桃園市龍潭區中正路123號,9.5,草莓
491,11月24日,吳XX,6,高雄市三民區建國路123號,3.4,草莓
496,12月8日,吳XX,7,高雄市鳳山區文化路123號,9.6,草莓
501,1月9日,陳XX,1,新竹市北區中正路,2.3,草莓
603,12月7日,林XX,8,新北市汐止區大同路123號,3.3,草莓
613,11月29日,林XX,4,台南市北區和順路123號,3.2,草莓
626,11月16日,吳XX,2,台北市大同區民生西路123號,2.1,草莓
633,12月10日,林XX,8,新北市汐止區大同路123號,3.3,草莓
643,12月21日,林XX,4,台南市北區和順路123號,3.2,草莓
656,1月1日,吳XX,2,台北市大同區民生西路123號,2.1,草莓
663,11月19日,林XX,8,新北市汐止區大同路123號,3.3,草莓
673,1月11日,林XX,4,台南市北區和順路123號,3.2,草莓
686,12月22日,吳XX,2,台北市大同區民生西路123號,2.1,草莓
693,1月2日,林XX,8,新北市汐止區大同路123號,3.3,草莓
703,1月10日,林XX,4,台南市北區和順路123號,3.2,草莓
716,12月20日,吳XX,2,台北市大同區民生西路123號,2.1,草莓
721,11月28日,林XX,6,台北市大同區建國北路,2.4,草莓
733,11月13日,林XX,5,台北市信義區忠孝東路,3.2,草莓
741,12月30日,吳XX,7,桃園市桃園區三民路,4.6,草莓
753,11月17日,吳XX,3,台南市東區東寧路,2.8,草莓
761,12月14日,吳XX,9,台北市松山區敦化南路,3.2,草莓
766,12月23日,林XX,2,新北市新店區中正路,2.1,草莓
774,12月9日,林XX,7,新北市新莊區中正路,2.8,草莓
782,12月27日,林XX,9,新北市新莊區中正路,4.3,草莓
785,12月29日,吳XX,7,台北市松山區敦化南路,3.5,草莓
807,11月25日,蔡XX,8,台北市大安區忠孝東路,3.9,草莓
814,11月14日,蔡XX,8,桃園市桃園區成功路,4.3,草莓
827,12月18日,陳XX,4,台南市永康區中正南路,3.7,草莓
844,12月16日,林XX,6,台北市大安區忠孝東路,3.6,草莓
846,11月20日,蔡XX,2,桃園市桃園區民生路,3.3,草莓
866,12月19日,林XX,8,台北市大安區忠孝東路,3.1,草莓
894,12月26日,謝XX,1,桃園市桃園區成功路,3.1,草莓
506,11月11日,陳XX,8,桃園市中壢區永福路,3.7,草莓
507,1月8日,林XX,1,台南市北區成功路,2.5,草莓
510,12月28日,陳XX,7,雲林縣斗六市中正路,2.4,草莓
605,1月3日,陳XX,9,高雄市三民區建國三路123號,1.5,草莓
619,1月4日,王XX,2,高雄市前金區六合二路123號,3.8,草莓
630,11月18日,陳XX,3,台南市東區裕豐街123號,4.9,草莓
635,11月30日,陳XX,9,高雄市三民區建國三路123號,1.5,草莓
649,1月5日,王XX,2,高雄市前金區六合二路123號,3.8,草莓
660,12月5日,陳XX,3,台南市東區裕豐街123號,4.9,草莓
665,11月23日,陳XX,9,高雄市三民區建國三路123號,1.5,草莓
679,1月7日,王XX,2,高雄市前金區六合二路123號,3.8,草莓
690,12月11日,陳XX,3,台南市東區裕豐街123號,4.9,草莓
695,12月3日,陳XX,9,高雄市三民區建國三路123號,1.5,草莓
709,12月13日,王XX,2,高雄市前金區六合二路123號,3.8,草莓
720,1月6日,陳XX,3,台南市東區裕豐街123號,4.9,草莓
725,11月21日,林XX,7,台南市中西區忠孝路,2.8,草莓
735,1月9日,陳XX,2,高雄市前鎮區復興四路,3.4,草莓
747,12月17日,王XX,5,桃園市桃園區中正路,3.7,草莓
755,11月22日,陳XX,1,桃園市桃園區民生路,4.2,草莓
791,12月2日,陳XX,1,桃園市桃園區中正路,3.2,草莓
833,11月12日,蔡XX,3,台北市大同區重慶北路,2.3,草莓
880,11月24日,吳XX,1,台北市大同區重慶北路,2.5,草莓
891,1月2日,黃XX,2,高雄市鳳山區建國三路,2.4,草莓
892,11月25日,吳XX,9,台北市松山區光復北路,4.5,草莓
901,12月10日,林XX,3,新北市板橋區新站路,2.3,草莓
927,12月6日,吳XX,1,新北市板橋區文化路,2.5,草莓
932,11月15日,蔡XX,9,台北市松山區光復北路,4.3,草莓
937,12月1日,謝XX,7,新北市三重區重新路,2.6,草莓
940,1月10日,蔡XX,9,台北市松山區光復北路,4.2,草莓
941,11月28日,林XX,3,桃園市桃園區成功路,2.8,草莓
943,12月8日,吳XX,1,新北市板橋區文化路,2.6,草莓
946,12月31日,吳XX,2,桃園市桃園區中正路,3.6,草莓
949,11月16日,林XX,3,桃園市桃園區成功路,2.7,草莓
953,1月11日,謝XX,7,新北市三重區重新路,2.5,草莓
956,1月1日,蔡XX,9,台北市松山區光復北路,4.3,草莓
960,12月20日,林XX,4,台北市大同區重慶北路,3.6,草莓
963,12月18日,陳XX,5,高雄市鳳山區建國三路,2.4,草莓
971,11月19日,陳XX,5,高雄市鳳山區建國三路,2.4,草莓
975,12月29日,吳XX,1,新北市板橋區文化路,2.1,草莓
980,11月26日,蔡XX,9,台北市松山區光復北路,4.3,草莓
986,12月7日,吳XX,2,桃園市桃園區中正路,3.4,草莓
987,12月15日,陳XX,5,高雄市鳳山區建國三路,2.1,草莓
990,11月13日,陳XX,8,高雄市苓雅區光華一路,3.8,草莓
996,12月16日,蔡XX,9,台北市松山區光復北路,4.1,草莓
999,11月27日,吳XX,1,新北市板橋區文化路,2.2,草莓
503,11月14日,蔡XX,9,新竹市北區武陵路,3.5,草莓
727,12月22日,林XX,5,台北市中山區南京東路,1.6,草莓
737,1月8日,林XX,3,新北市三峽區中山路,2.8,草莓
745,12月4日,吳XX,6,新北市板橋區民生路,3.2,草莓
757,11月29日,吳XX,5,台北市松山區光復北路,2.3,草莓
780,12月23日,王XX,6,高雄市鳳山區中山東路,2.5,草莓
784,1月3日,王XX,2,高雄市三民區明誠一路,2.3,草莓
792,1月5日,王XX,7,高雄市鳳山區建國三路,2.5,草莓
800,11月30日,王XX,8,高雄市鳳山區中山東路,3.1,草莓
823,12月19日,蔡XX,8,高雄市鳳山區建國三路,4.2,草莓
828,12月12日,吳XX,7,新北市三重區重新路,1.8,草莓
843,11月20日,謝XX,9,高雄市三民區明誠一路,4.1,草莓
850,1月6日,謝XX,4,新北市三重區重新路,2.2,草莓
858,12月26日,蔡XX,8,桃園市桃園區成功路,3.5,草莓
868,12月18日,蔡XX,7,台北市松山區光復北路,4.5,草莓
881,11月17日,陳XX,8,新北市三重區重新路,3.6,草莓
884,12月9日,謝XX,2,台北市松山區光復北路,3.2,草莓
889,11月21日,吳XX,5,新北市三重區重新路,2.2,草莓
902,11月11日,蔡XX,8,桃園市桃園區成功路,3.6,草莓
905,1月7日,蔡XX,7,新北市三重區重新路,2.6,草莓
907,11月22日,謝XX,2,高雄市鳳山區中山東路,2.5,草莓
909,11月15日,蔡XX,3,桃園市桃園區成功路,2.7,草莓
924,12月17日,蔡XX,9,台北市松山區光復北路,4.1,草莓
925,11月23日,林XX,3,桃園市桃園區成功路,2.6,草莓
931,12月31日,陳XX,5,高雄市鳳山區建國三路,2.2,草莓
933,12月14日,林XX,3,桃園市桃園區成功路,2.9,草莓
934,12月28日,陳XX,8,高雄市苓雅區光華一路,3.6,草莓
936,1月2日,林XX,4,台北市大同區重慶北路,3.8,草莓
938,12月10日,吳XX,2,桃園市桃園區中正路,3.7,草莓
947,11月18日,陳XX,5,高雄市鳳山區建國三路,2.3,草莓
964,1月4日,蔡XX,9,台北市松山區光復北路,4.1,草莓
966,12月8日,陳XX,8,高雄市苓雅區光華一路,3.7,草莓
968,12月24日,林XX,4,台北市大同區重慶北路,3.3,草莓
969,12月21日,謝XX,7,新北市三重區重新路,2.8,草莓
977,11月16日,謝XX,7,新北市三重區重新路,2.6,草莓
979,1月10日,陳XX,5,高雄市鳳山區建國三路,2.4,草莓
988,12月27日,蔡XX,9,台北市松山區光復北路,4.2,草莓
991,11月25日,吳XX,1,新北市板橋區文化路,2.3,草莓
995,12月13日,陳XX,5,高雄市鳳山區建國三路,2.6,草莓
509,1月9日,許XX,6,南投縣南投市成功路,3.2,草莓
511,11月19日,林XX,3,高雄市鳳山區五甲一路,3.6,草莓
604,12月20日,王XX,1,新北市三重區重新路123號,3.8,草莓
618,12月6日,林XX,8,台中市南區忠明南路123號,4.3,草莓
623,12月2日,林XX,7,桃園市中壢區興仁路123號,1.8,草莓
629,11月24日,王XX,6,新北市新店區中正路123號,2.6,草莓
634,12月15日,王XX,1,新北市三重區重新路123號,3.8,草莓
648,1月11日,林XX,8,台中市南區忠明南路123號,4.3,草莓
653,11月14日,林XX,7,桃園市中壢區興仁路123號,1.8,草莓
659,11月26日,王XX,6,新北市新店區中正路123號,2.6,草莓
664,12月7日,王XX,1,新北市三重區重新路123號,3.8,草莓
678,11月27日,林XX,8,台中市南區忠明南路123號,4.3,草莓
683,12月5日,林XX,7,桃園市中壢區興仁路123號,1.8,草莓
689,11月28日,王XX,6,新北市新店區中正路123號,2.6,草莓
694,1月1日,王XX,1,新北市三重區重新路123號,3.8,草莓
708,11月12日,林XX,8,台中市南區忠明南路123號,4.3,草莓
713,12月30日,林XX,7,桃園市中壢區興仁路123號,1.8,草莓
719,1月8日,王XX,6,新北市新店區中正路123號,2.6,草莓
724,11月13日,王XX,4,高雄市三民區建國一路,3.5,草莓
729,11月21日,王XX,9,桃園市桃園區民生路,5.3,草莓
734,12月3日,王XX,6,桃園市桃園區大有路,2.7,草莓
742,11月30日,林XX,5,新北市三重區重新路,2.9,草莓
750,1月5日,林XX,9,桃園市桃園區大有路,4.5,草莓
752,12月11日,陳XX,7,新北市板橋區文化路,3.6,草莓
758,12月17日,林XX,2,新北市新莊區中正路,1.6,草莓
763,12月22日,陳XX,8,桃園市桃園區成功路,4.3,草莓
770,11月18日,林XX,6,新北市新莊區中正路,3.1,草莓
778,1月3日,林XX,8,新北市三重區重新路,2.9,草莓
787,12月14日,陳XX,8,桃園市桃園區民生路,4.1,草莓
796,11月29日,王XX,5,高雄市苓雅區光華一路,4.2,草莓
808,12月9日,陳XX,5,新北市三重區重新路,2.3,草莓
819,1月6日,吳XX,4,桃園市桃園區中正路,2.8,草莓
821,11月16日,謝XX,6,台北市大安區忠孝東路,3.6,草莓
834,1月2日,林XX,7,桃園市桃園區民權路,4.5,草莓
845,12月19日,吳XX,3,新北市板橋區新站路,2.7,草莓
853,11月23日,吳XX,6,新北市板橋區文化路,2.5,草莓
862,12月26日,蔡XX,6,台北市大同區重慶北路,2.3,草莓
869,11月15日,林XX,2,桃園市桃園區成功路,3.7,草莓
887,1月10日,謝XX,6,新北市板橋區文化路,2.3,草莓
903,11月20日,陳XX,4,高雄市鳳山區建國三路,2.7,草莓
906,11月25日,林XX,5,桃園市桃園區民生路,3.8,草莓
910,12月31日,陳XX,8,高雄市苓雅區光華一路,3.4,草莓
918,12月12日,陳XX,8,高雄市苓雅區光華一路,3.5,草莓
926,12月8日,陳XX,8,高雄市苓雅區光華一路,3.8,草莓
928,11月22日,林XX,4,台北市大同區重慶北路,3.2,草莓
948,11月11日,蔡XX,9,台北市松山區光復北路,4,草莓
952,12月27日,林XX,4,台北市大同區重慶北路,3.1,草莓
959,1月4日,吳XX,1,新北市板橋區文化路,2.3,草莓
961,11月24日,謝XX,7,新北市三重區重新路,2.7,草莓
965,12月1日,林XX,3,桃園市桃園區成功路,2.6,草莓
970,12月28日,吳XX,2,桃園市桃園區中正路,3.7,草莓
978,11月17日,吳XX,2,桃園市桃園區中正路,3.5,草莓
989,1月9日,林XX,3,桃園市桃園區成功路,2.9,草莓
998,12月6日,陳XX,8,高雄市苓雅區光華一路,3.7,草莓
607,11月19日,陳XX,6,新北市土城區中央路123號,5.6,草莓
628,1月7日,林XX,1,高雄市前鎮區新街口123號,3.2,草莓
637,11月18日,陳XX,6,新北市土城區中央路123號,5.6,草莓
658,12月10日,林XX,1,高雄市前鎮區新街口123號,3.2,草莓
667,12月30日,陳XX,6,新北市土城區中央路123號,5.6,草莓
688,11月14日,林XX,1,高雄市前鎮區新街口123號,3.2,草莓
697,11月28日,陳XX,6,新北市土城區中央路123號,5.6,草莓
718,12月2日,林XX,1,高雄市前鎮區新街口123號,3.2,草莓
722,1月8日,陳XX,3,新北市板橋區文化路,1.7,草莓
732,11月13日,陳XX,4,新北市板橋區中山路,2.6,草莓
12,9月18日,吳XX,2,新竹縣竹北市文興路66號,3.8,蜜棗
55,9月10日,王XX,9,台南市北區成功路123號,7.2,蜜棗
70,9月15日,王XX,3,台南市北區成功路123號,8.4,蜜棗
92,9月19日,陳XX,8,台中市北區成功路123號,4.2,蜜棗
809,10月1日,林XX,2,台南市永康區中正南路,1.6,蜜棗
608,10月1日,林XX,3,台南市永康區中正路123號,1.3,蜜棗
627,10月5日,陳XX,5,新北市永和區永和路123號,5.8,蜜棗
638,10月7日,林XX,3,台南市永康區中正路123號,1.3,蜜棗
657,10月17日,陳XX,5,新北市永和區永和路123號,5.8,蜜棗
668,10月21日,林XX,3,台南市永康區中正路123號,1.3,蜜棗
687,10月25日,陳XX,5,新北市永和區永和路123號,5.8,蜜棗
698,10月28日,林XX,3,台南市永康區中正路123號,1.3,蜜棗
717,11月1日,陳XX,5,新北市永和區永和路123號,5.8,蜜棗
728,11月4日,吳XX,1,新北市三重區重新路,2.1,蜜棗
738,1月3日,陳XX,9,台中市北區大業路,4.1,蜜棗
602,11月30日,陳XX,4,高雄市楠梓區土庫一路123號,2.7,黃金莓(燈籠果)
606,12月3日,吳XX,2,台北市松山區敦化北路123號,4.2,黃金莓(燈籠果)
612,12月15日,陳XX,1,新竹市東區中華路123號,4.7,黃金莓(燈籠果)
615,12月12日,陳XX,2,高雄市三民區建國三路123號,7.3,黃金莓(燈籠果)
621,12月20日,王XX,9,新北市板橋區文化路123號,3.2,黃金莓(燈籠果)
632,12月2日,陳XX,4,高雄市楠梓區土庫一路123號,2.7,黃金莓(燈籠果)
636,12月8日,吳XX,2,台北市松山區敦化北路123號,4.2,黃金莓(燈籠果)
642,12月9日,陳XX,1,新竹市東區中華路123號,4.7,黃金莓(燈籠果)
645,12月14日,陳XX,2,高雄市三民區建國三路123號,7.3,黃金莓(燈籠果)
651,12月1日,王XX,9,新北市板橋區文化路123號,3.2,黃金莓(燈籠果)
662,12月21日,陳XX,4,高雄市楠梓區土庫一路123號,2.7,黃金莓(燈籠果)
666,12月16日,吳XX,2,台北市松山區敦化北路123號,4.2,黃金莓(燈籠果)
672,12月19日,陳XX,1,新竹市東區中華路123號,4.7,黃金莓(燈籠果)
675,12月5日,陳XX,2,高雄市三民區建國三路123號,7.3,黃金莓(燈籠果)
681,12月7日,王XX,9,新北市板橋區文化路123號,3.2,黃金莓(燈籠果)
692,12月11日,陳XX,4,高雄市楠梓區土庫一路123號,2.7,黃金莓(燈籠果)
696,12月10日,吳XX,2,台北市松山區敦化北路123號,4.2,黃金莓(燈籠果)
702,12月4日,陳XX,1,新竹市東區中華路123號,4.7,黃金莓(燈籠果)
705,12月6日,陳XX,2,高雄市三民區建國三路123號,7.3,黃金莓(燈籠果)
711,12月13日,王XX,9,新北市板橋區文化路123號,3.2,黃金莓(燈籠果)
723,12月18日,吳XX,8,桃園市中壢區永福路,4.2,黃金莓(燈籠果)
731,12月17日,吳XX,8,台南市東區裕豐街,4.5,黃金莓(燈籠果)
740,12月22日,陳XX,1,台北市中正區中山南路,2.3,黃金莓(燈籠果)
746,12月9日,林XX,3,台南市北區成功路,2.6,黃金莓(燈籠果)
749,12月5日,吳XX,2,台北市中山區民權東路,1.8,黃金莓(燈籠果)
754,12月11日,林XX,6,新北市新店區中正路,3.1,黃金莓(燈籠果)
759,12月17日,陳XX,7,桃園市桃園區民權路,4.5,黃金莓(燈籠果)
762,11月30日,林XX,3,新北市三重區重新路,2.5,黃金莓(燈籠果)
767,12月15日,陳XX,7,桃園市桃園區民生路,3.4,黃金莓(燈籠果)
771,12月2日,陳XX,3,桃園市桃園區中正路,2.6,黃金莓(燈籠果)
775,12月14日,陳XX,2,桃園市桃園區成功路,3.6,黃金莓(燈籠果)
779,12月6日,陳XX,3,桃園市桃園區民生路,3.2,黃金莓(燈籠果)
783,12月13日,陳XX,5,桃園市桃園區成功路,3.8,黃金莓(燈籠果)
786,12月19日,林XX,4,新北市三重區重新路,2.6,黃金莓(燈籠果)
790,12月16日,林XX,6,新北市新莊區中正路,1.8,黃金莓(燈籠果)
795,12月3日,陳XX,4,桃園市桃園區民生路,3.7,黃金莓(燈籠果)
799,12月1日,陳XX,1,桃園市桃園區成功路,3.6,黃金莓(燈籠果)
11,12月8日,陳XX,8,台北市中山區南京東路一段100號,2.7,黃金莓(燈籠果)