編號,寄送日期,農場主人,蜂箱數量,地址,設施面積(分),栽種作物
888,05月01日,陳XX,2,新竹縣,2.95,櫛瓜
899,08月19日,許XX,3,桃園市,4.0,小黃瓜
211,01月03日,楊XX,1,彰化縣,2.59,黃金莓(燈籠果)
305,03月22日,蔡XX,3,高雄市,3.37,黃金莓(燈籠果)
545,01月15日,許XX,2,雲林縣,1.36,草莓
495,11月09日,周XX,3,屏東縣,0.91,百香果
203,10月15日,劉XX,1,苗栗縣,4.64,洋香瓜
587,11月01日,張XX,3,台北市,2.65,苦瓜
94,02月10日,曾XX,2,南投縣,1.95,黃金莓(燈籠果)
877,12月07日,林XX,3,花蓮縣,3.99,草莓
921,10月04日,洪XX,3,桃園市,4.32,苦瓜(翠綠)
777,11月08日,李XX,3,台東縣,2.88,美濃瓜
7,02月03日,謝XX,2,花蓮縣,4.35,黃金莓(燈籠果)
13,01月27日,賴XX,1,高雄市,0.73,草莓
720,09月19日,楊XX,3,新竹縣,4.53,小黃瓜
118,02月22日,王XX,3,雲林縣,3.61,草莓
448,08月27日,謝XX,3,苗栗縣,3.54,苦瓜、絲瓜
231,09月25日,張XX,1,澎湖縣,0.9,棗子
116,06月01日,劉XX,3,嘉義縣,4.7,苦瓜
225,07月12日,王XX,2,屏東縣,1.32,哈密瓜
229,10月08日,蔡XX,1,宜蘭縣,2.42,大黃瓜
428,11月24日,張XX,2,苗栗縣,3.18,百香果
848,04月30日,邱XX,2,嘉義市,3.25,櫛瓜
805,11月11日,賴XX,3,台北市,3.61,小黃瓜
438,10月06日,周XX,2,台南市,3.38,百香果
415,10月29日,李XX,1,南投縣,0.17,美濃瓜
543,09月21日,蔡XX,2,雲林縣,2.07,美濃瓜
493,11月18日,張XX,3,花蓮縣,3.57,美濃瓜
572,10月05日,張XX,1,宜蘭縣,3.16,草莓
248,06月06日,陳XX,1,彰化縣,4.28,美濃瓜
158,11月11日,賴XX,2,南投縣,1.05,大黃瓜
789,03月05日,李XX,3,嘉義縣,4.0,櫛瓜
989,01月25日,曾XX,3,花蓮縣,0.99,水蜜桃
611,01月12日,陳XX,1,花蓮縣,2.64,草莓
314,10月13日,王XX,3,桃園市,3.44,蜜棗
107,10月25日,陳XX,2,高雄市,1.48,草莓
433,11月30日,蔡XX,1,高雄市,0.32,洋香瓜
420,10月16日,林XX,1,屏東縣,2.06,苦瓜(翠綠)
208,10月10日,洪XX,2,桃園市,2.94,洋香瓜
992,11月17日,賴XX,3,桃園市,2.13,百香果
792,09月17日,周XX,1,連江縣,1.39,櫛瓜
986,02月23日,周XX,1,基隆市,1.69,草莓
600,10月07日,許XX,1,新竹市,1.23,苦瓜、絲瓜
3,11月07日,周XX,1,新北市,1.27,洋香瓜
797,10月09日,廖XX,2,花蓮縣,3.65,草莓
372,11月09日,王XX,2,苗栗縣,4.14,草莓
789,11月20日,張XX,3,新竹縣,3.42,洋香瓜
789,11月25日,李XX,3,南投縣,1.53,美濃瓜
466,01月22日,黃XX,1,新竹縣,4.43,百香果
119,10月10日,劉XX,2,屏東縣,0.94,洋香瓜
201,09月06日,劉XX,3,台中市,3.34,苦瓜(翠綠)
166,02月08日,廖XX,3,新竹縣,2.26,草莓
887,03月10日,邱XX,2,嘉義市,3.43,黃金莓(燈籠果)
523,09月24日,劉XX,2,桃園市,0.98,洋香瓜
408,03月31日,張XX,3,台南市,2.57,櫛瓜
382,03月29日,林XX,1,台南市,3.7,甜桃
889,08月28日,廖XX,3,台中市,1.72,絲瓜
911,01月07日,賴XX,2,嘉義縣,0.25,甜桃
922,08月02日,黃XX,2,高雄市,4.11,大黃瓜
524,08月23日,林XX,3,宜蘭縣,1.1,大黃瓜
265,01月18日,廖XX,3,苗栗縣,3.92,草莓
993,06月10日,郭XX,1,南投縣,2.57,苦瓜
92,09月07日,黃XX,3,台中市,2.23,絲瓜
640,08月15日,黃XX,3,苗栗縣,2.79,大黃瓜
344,11月10日,鄭XX,2,新北市,4.79,苦瓜
848,10月17日,周XX,1,新北市,0.15,草莓
347,07月17日,鄭XX,3,嘉義市,1.23,絲瓜
215,11月01日,蔡XX,1,桃園市,3.9,草莓
356,11月03日,邱XX,3,新竹市,2.76,洋香瓜
372,01月27日,周XX,2,新北市,4.59,百香果
374,02月28日,鄭XX,3,台北市,3.86,黃金莓(燈籠果)
282,07月18日,黃XX,2,嘉義市,1.83,美濃瓜
429,09月02日,黃XX,2,台東縣,1.65,櫛瓜
341,10月21日,廖XX,1,苗栗縣,0.81,絲瓜
570,02月06日,曾XX,3,雲林縣,1.02,草莓
481,08月29日,林XX,2,花蓮縣,2.78,大黃瓜
214,11月27日,洪XX,1,台南市,4.16,百香果
675,10月28日,謝XX,1,台中市,3.93,百香果
38,03月11日,賴XX,3,金門縣,2.51,甜桃
351,12月31日,曾XX,2,屏東縣,4.79,草莓
729,07月11日,楊XX,3,花蓮縣,2.64,美濃瓜
252,09月15日,劉XX,2,宜蘭縣,1.6,蜜棗
239,11月13日,曾XX,1,台中市,4.35,草莓
270,10月12日,洪XX,2,連江縣,1.65,小黃瓜
872,01月24日,郭XX,3,基隆市,1.97,草莓
14,07月16日,蔡XX,2,台北市,0.89,苦瓜
948,10月06日,鄭XX,2,新竹市,3.72,草莓
747,10月07日,謝XX,2,嘉義市,1.93,絲瓜
225,09月04日,鄭XX,2,高雄市,0.33,洋香瓜
810,07月03日,劉XX,2,高雄市,1.93,櫛瓜
198,12月04日,鄭XX,1,宜蘭縣,1.9,草莓
843,07月07日,周XX,3,宜蘭縣,3.56,小黃瓜
72,09月22日,謝XX,3,金門縣,3.91,洋香瓜
374,09月02日,郭XX,2,基隆市,3.62,苦瓜(翠綠)
798,08月31日,劉XX,2,苗栗縣,3.23,苦瓜、絲瓜
747,01月21日,陳XX,1,雲林縣,0.81,百香果
928,05月22日,洪XX,3,南投縣,3.75,櫛瓜
566,09月30日,李XX,3,新竹市,3.97,小黃瓜
231,08月25日,黃XX,2,南投縣,0.37,小黃瓜
519,10月17日,曾XX,2,新竹縣,1.29,草莓
506,01月09日,郭XX,2,澎湖縣,2.58,黃金莓(燈籠果)
26,09月15日,曾XX,2,新竹市,3.4,洋香瓜
734,11月18日,陳XX,1,桃園市,4.2,洋香瓜
176,09月12日,王XX,2,南投縣,1.19,棗子
173,07月17日,曾XX,1,南投縣,2.37,絲瓜
594,07月22日,謝XX,1,高雄市,0.82,小黃瓜、美濃瓜、黑美人西瓜
133,09月10日,蔡XX,1,桃園市,2.94,櫛瓜
369,01月04日,黃XX,2,台北市,0.84,草莓
173,10月01日,劉XX,3,金門縣,4.67,洋香瓜
417,10月19日,賴XX,2,新北市,4.3,草莓
149,01月04日,周XX,2,澎湖縣,3.93,草莓
670,10月20日,曾XX,3,連江縣,2.2,蜜棗
660,01月18日,林XX,2,新竹縣,1.1,草莓
150,08月14日,王XX,3,雲林縣,3.32,絲瓜
289,10月11日,鄭XX,1,宜蘭縣,3.8,小黃瓜
17,02月13日,張XX,3,嘉義縣,3.2,草莓
60,06月21日,廖XX,3,苗栗縣,1.45,櫛瓜
405,09月10日,蔡XX,3,彰化縣,0.83,洋香瓜
989,07月21日,郭XX,3,台北市,0.11,絲瓜
534,07月20日,曾XX,1,高雄市,2.58,櫛瓜
646,06月26日,郭XX,3,基隆市,0.78,美濃瓜
121,06月30日,蔡XX,3,嘉義市,3.01,櫛瓜
475,10月01日,吳XX,2,基隆市,4.3,美濃瓜
494,11月29日,許XX,2,台東縣,4.83,洋香瓜
957,11月24日,楊XX,2,台東縣,3.02,草莓
40,09月10日,陳XX,3,屏東縣,1.39,洋香瓜
197,03月15日,李XX,3,桃園市,2.73,黃金莓(燈籠果)
896,11月05日,劉XX,1,澎湖縣,1.99,洋香瓜
188,06月20日,洪XX,2,新竹市,3.43,苦瓜
149,02月15日,廖XX,1,桃園市,4.56,甜桃
655,09月08日,劉XX,1,澎湖縣,1.76,苦瓜、絲瓜
754,11月10日,張XX,3,新竹市,1.95,百香果
571,12月03日,鄭XX,1,新竹縣,3.65,草莓
642,09月09日,周XX,1,嘉義縣,0.79,美濃瓜
225,12月25日,劉XX,3,嘉義縣,1.41,草莓
639,02月07日,林XX,2,嘉義縣,1.16,草莓
727,09月08日,楊XX,1,高雄市,0.4,洋香瓜
295,12月09日,洪XX,1,嘉義縣,0.77,草莓
532,11月04日,曾XX,2,台東縣,0.32,小黃瓜
418,11月07日,謝XX,2,澎湖縣,3.24,洋香瓜
831,01月04日,王XX,3,台北市,3.77,百香果
511,12月19日,蔡XX,1,高雄市,3.66,棗子
478,12月12日,李XX,3,宜蘭縣,1.8,草莓
565,09月02日,吳XX,1,連江縣,4.51,大黃瓜
965,09月10日,吳XX,3,澎湖縣,1.01,大黃瓜
82,11月01日,廖XX,2,桃園市,2.01,大黃瓜
506,10月08日,吳XX,1,雲林縣,2.22,草莓
223,01月10日,張XX,1,新北市,4.3,百香果
11,12月01日,謝XX,3,屏東縣,3.38,棗子
246,11月11日,王XX,1,金門縣,4.04,洋香瓜
298,11月02日,廖XX,1,台南市,1.94,美濃瓜
935,10月24日,邱XX,2,台中市,4.58,美濃瓜
147,12月09日,鄭XX,3,澎湖縣,0.13,百香果
586,10月16日,許XX,3,新竹市,1.58,草莓
745,08月14日,陳XX,3,雲林縣,2.62,哈密瓜
441,02月09日,邱XX,1,澎湖縣,0.55,草莓
883,05月12日,楊XX,1,澎湖縣,1.11,苦瓜
715,09月24日,吳XX,3,花蓮縣,2.65,蜜棗
679,10月10日,謝XX,3,高雄市,0.98,洋香瓜
671,07月22日,陳XX,3,嘉義市,1.26,苦瓜
647,10月15日,林XX,3,雲林縣,4.52,苦瓜
471,07月07日,廖XX,2,台中市,3.82,苦瓜
712,02月11日,陳XX,1,台中市,0.6,草莓
709,02月14日,鄭XX,3,金門縣,4.71,草莓
21,12月19日,蔡XX,2,台中市,1.91,百香果
782,10月30日,王XX,3,台中市,4.27,美濃瓜
877,05月30日,周XX,2,台中市,1.87,苦瓜
491,11月24日,黃XX,3,屏東縣,4.76,百香果
273,08月22日,洪XX,3,嘉義縣,0.97,小黃瓜
512,11月21日,鄭XX,1,桃園市,1.51,草莓
408,12月09日,鄭XX,3,台南市,1.27,草莓
399,12月27日,王XX,2,台東縣,0.55,百香果
328,11月06日,洪XX,2,台中市,0.31,櫛瓜
507,10月16日,楊XX,1,台北市,2.15,小黃瓜
472,10月03日,林XX,2,連江縣,0.31,蜜棗
360,08月02日,賴XX,2,花蓮縣,4.98,苦瓜
250,12月23日,劉XX,1,金門縣,4.49,百香果
115,09月09日,賴XX,1,金門縣,2.35,洋香瓜
576,01月11日,李XX,3,連江縣,3.69,草莓
168,09月25日,許XX,3,金門縣,2.78,絲瓜
512,10月24日,邱XX,3,澎湖縣,0.31,洋香瓜
974,10月22日,邱XX,3,澎湖縣,3.6,草莓
84,08月19日,林XX,1,新竹市,3.84,美濃瓜
562,09月25日,林XX,1,澎湖縣,4.24,洋香瓜
521,07月05日,洪XX,2,花蓮縣,3.03,小黃瓜
48,07月05日,邱XX,2,澎湖縣,0.88,絲瓜
437,10月03日,邱XX,2,新北市,0.58,苦瓜、絲瓜
848,11月21日,劉XX,2,台北市,1.67,草莓
54,01月10日,邱XX,3,雲林縣,3.72,黃金莓(燈籠果)
847,10月06日,許XX,3,台南市,0.19,苦瓜
555,10月09日,張XX,1,台南市,0.39,草莓
760,10月06日,陳XX,1,台東縣,4.85,百香果
444,11月18日,洪XX,1,台中市,1.66,百香果
281,09月26日,吳XX,2,新北市,2.6,櫛瓜
130,09月05日,王XX,2,台中市,2.64,洋香瓜
790,10月17日,劉XX,3,宜蘭縣,3.27,洋香瓜
909,06月23日,曾XX,2,新北市,0.53,美濃瓜
269,11月16日,楊XX,3,新北市,0.1,百香果
284,12月25日,李XX,1,台南市,3.19,草莓
206,11月15日,曾XX,2,南投縣,1.02,洋香瓜
940,02月27日,賴XX,1,雲林縣,3.14,水蜜桃
735,11月07日,李XX,1,澎湖縣,4.18,百香果
644,11月12日,郭XX,2,高雄市,3.46,棗子
358,08月14日,林XX,1,花蓮縣,3.06,美濃瓜
581,11月01日,曾XX,1,台東縣,2.16,洋香瓜
680,10月05日,周XX,1,基隆市,2.06,洋香瓜
698,10月14日,許XX,1,新北市,0.27,洋香瓜
435,12月09日,鄭XX,3,新竹縣,3.2,百香果
684,12月21日,王XX,1,雲林縣,3.22,百香果
509,10月29日,李XX,1,新北市,3.07,洋香瓜
188,10月12日,陳XX,3,南投縣,4.78,百香果
235,10月02日,曾XX,1,台北市,3.15,絲瓜
455,10月05日,陳XX,2,連江縣,0.95,蜜棗
640,11月27日,曾XX,1,連江縣,2.49,櫛瓜
491,02月08日,李XX,2,雲林縣,2.1,草莓
136,11月06日,張XX,2,南投縣,2.19,草莓
282,02月01日,吳XX,1,宜蘭縣,0.38,草莓
524,06月03日,黃XX,3,嘉義縣,0.89,苦瓜
296,10月07日,洪XX,2,澎湖縣,0.27,草莓
315,10月13日,賴XX,3,雲林縣,1.94,草莓
484,11月03日,郭XX,3,苗栗縣,0.49,棗子
874,01月23日,劉XX,1,花蓮縣,2.41,黃金莓(燈籠果)
93,10月10日,張XX,2,新北市,2.63,苦瓜
482,11月18日,洪XX,1,新北市,3.12,百香果
710,08月06日,楊XX,2,新竹縣,0.17,苦瓜
432,11月08日,楊XX,2,新北市,4.74,草莓
131,09月10日,郭XX,1,嘉義縣,1.12,小黃瓜
61,01月23日,李XX,2,嘉義縣,4.03,黃金莓(燈籠果)
496,10月09日,許XX,2,台北市,1.0,大黃瓜
469,01月16日,劉XX,1,新北市,3.29,黃金莓(燈籠果)
649,06月20日,廖XX,3,新竹市,1.45,苦瓜
671,12月24日,廖XX,2,嘉義市,4.14,草莓
43,11月19日,許XX,2,台南市,1.76,美濃瓜
496,02月04日,林XX,2,南投縣,4.79,草莓
53,12月24日,李XX,3,花蓮縣,2.38,草莓
426,11月07日,王XX,3,澎湖縣,3.78,草莓
185,01月01日,蔡XX,1,高雄市,0.76,甜桃
240,01月18日,楊XX,1,花蓮縣,4.69,草莓
941,03月08日,林XX,1,新竹縣,1.87,櫛瓜
689,10月12日,郭XX,1,屏東縣,3.64,苦瓜
903,09月27日,曾XX,1,新北市,0.74,苦瓜
374,01月01日,廖XX,1,屏東縣,4.78,百香果
884,02月28日,蔡XX,2,新北市,1.52,草莓
39,10月27日,洪XX,2,彰化縣,4.7,草莓
212,02月09日,黃XX,1,新竹縣,4.97,黃金莓(燈籠果)
415,11月12日,賴XX,3,苗栗縣,0.48,美濃瓜
270,03月29日,劉XX,3,新竹市,3.07,櫛瓜
432,01月06日,邱XX,1,台南市,0.4,水蜜桃
496,12月12日,蔡XX,3,花蓮縣,2.86,大黃瓜
548,09月12日,陳XX,3,苗栗縣,4.27,大黃瓜
802,08月17日,曾XX,1,新北市,2.53,絲瓜
551,07月17日,鄭XX,2,基隆市,3.7,櫛瓜
202,11月04日,洪XX,3,新北市,3.09,草莓
792,02月04日,洪XX,2,基隆市,2.65,黃金莓(燈籠果)
858,07月08日,吳XX,3,新竹市,4.92,小黃瓜
530,11月17日,王XX,2,台東縣,3.81,草莓
527,07月19日,劉XX,3,花蓮縣,2.99,櫛瓜
106,01月15日,陳XX,3,金門縣,3.32,草莓
459,11月30日,李XX,2,苗栗縣,4.16,洋香瓜
904,10月12日,蔡XX,1,彰化縣,0.5,草莓
930,09月07日,賴XX,1,屏東縣,4.15,洋香瓜
824,10月04日,曾XX,3,宜蘭縣,2.22,百香果
610,07月06日,黃XX,3,連江縣,0.26,小黃瓜、美濃瓜、黑美人西瓜
887,08月19日,吳XX,1,嘉義市,2.01,大黃瓜
172,11月03日,周XX,2,台中市,3.86,美濃瓜
506,05月02日,劉XX,2,花蓮縣,2.32,苦瓜
870,11月22日,黃XX,2,嘉義市,3.18,洋香瓜
690,01月15日,劉XX,3,澎湖縣,1.73,草莓
492,01月16日,洪XX,3,新竹縣,3.45,黃金莓(燈籠果)
623,09月11日,洪XX,1,新竹縣,3.19,棗子
632,11月17日,吳XX,2,台北市,0.85,洋香瓜
173,11月24日,曾XX,1,雲林縣,4.59,洋香瓜
314,12月15日,洪XX,3,苗栗縣,1.44,百香果
316,09月19日,林XX,1,桃園市,2.28,櫛瓜
404,09月27日,廖XX,2,宜蘭縣,1.63,哈密瓜
489,01月18日,楊XX,2,台北市,2.96,草莓
250,03月03日,許XX,3,基隆市,2.36,黃金莓(燈籠果)
643,07月29日,周XX,3,金門縣,1.04,苦瓜
990,11月11日,賴XX,2,台北市,4.71,洋香瓜
202,08月10日,張XX,1,南投縣,4.86,絲瓜
849,10月07日,廖XX,1,屏東縣,2.39,草莓
620,09月17日,洪XX,1,屏東縣,3.92,洋香瓜
335,02月05日,廖XX,1,連江縣,4.0,黃金莓(燈籠果)
494,10月21日,廖XX,1,嘉義市,3.63,美濃瓜
242,10月20日,吳XX,3,嘉義縣,2.47,美濃瓜
986,10月10日,黃XX,2,基隆市,1.13,美濃瓜
407,10月05日,黃XX,3,新竹縣,4.13,棗子
974,08月03日,李XX,3,連江縣,4.54,小黃瓜
52,11月30日,蔡XX,1,台中市,2.61,洋香瓜
83,10月10日,郭XX,1,台中市,4.08,絲瓜
826,08月13日,楊XX,1,嘉義市,1.97,苦瓜
516,09月30日,楊XX,3,金門縣,2.66,美濃瓜
816,01月30日,許XX,2,台中市,0.99,草莓
423,07月25日,王XX,2,金門縣,3.25,小黃瓜、美濃瓜、黑美人西瓜
246,12月09日,邱XX,2,桃園市,1.97,草莓
683,09月02日,洪XX,3,屏東縣,1.56,洋香瓜
89,10月22日,賴XX,3,花蓮縣,1.6,草莓
418,10月25日,許XX,3,台北市,4.96,棗子
123,11月14日,謝XX,3,宜蘭縣,0.92,洋香瓜
971,09月09日,王XX,2,台北市,1.11,洋香瓜
413,09月27日,吳XX,2,宜蘭縣,2.55,洋香瓜
790,08月07日,廖XX,3,新北市,0.77,哈密瓜
530,11月14日,許XX,2,高雄市,0.85,小黃瓜
263,07月11日,陳XX,1,彰化縣,3.98,哈密瓜
453,09月05日,陳XX,2,苗栗縣,3.84,苦瓜
122,07月08日,謝XX,1,雲林縣,0.62,小黃瓜
282,09月04日,賴XX,1,彰化縣,4.69,蜜棗
258,01月19日,楊XX,2,台中市,2.09,草莓
384,07月28日,吳XX,2,南投縣,2.56,絲瓜
303,10月29日,曾XX,3,苗栗縣,1.86,草莓
949,10月21日,廖XX,1,新竹市,0.22,洋香瓜
534,12月15日,洪XX,3,台南市,4.21,百香果
932,09月01日,林XX,3,連江縣,3.15,洋香瓜
161,01月24日,楊XX,1,嘉義縣,2.12,草莓
910,08月29日,楊XX,3,嘉義縣,2.83,小黃瓜
454,10月11日,李XX,1,台北市,2.01,苦瓜
381,10月17日,廖XX,1,南投縣,2.56,洋香瓜
513,02月15日,林XX,2,新竹市,2.19,草莓
481,08月27日,邱XX,3,宜蘭縣,1.89,美濃瓜
408,11月05日,蔡XX,2,新北市,2.77,櫛瓜
357,11月18日,楊XX,3,新竹市,3.23,洋香瓜
783,12月25日,楊XX,2,連江縣,4.89,草莓
272,10月12日,郭XX,3,嘉義市,2.87,美濃瓜
867,01月31日,陳XX,1,新竹縣,1.28,黃金莓(燈籠果)
686,09月20日,鄭XX,3,桃園市,0.9,美濃瓜
734,07月05日,郭XX,1,屏東縣,3.17,苦瓜
370,08月22日,李XX,1,花蓮縣,2.86,美濃瓜
264,08月29日,賴XX,3,金門縣,4.8,美濃瓜
175,03月02日,郭XX,3,連江縣,4.68,黃金莓(燈籠果)
401,12月30日,邱XX,2,彰化縣,1.59,草莓
39,11月15日,郭XX,2,新竹縣,0.11,苦瓜
420,01月14日,郭XX,3,花蓮縣,2.9,百香果
118,01月10日,楊XX,1,南投縣,4.71,草莓
286,12月06日,周XX,1,基隆市,0.3,百香果
683,07月12日,謝XX,2,宜蘭縣,4.16,苦瓜
936,03月27日,楊XX,3,台東縣,4.88,櫛瓜
100,05月05日,黃XX,3,屏東縣,0.8,苦瓜
78,10月15日,林XX,1,宜蘭縣,1.49,絲瓜
419,08月12日,曾XX,3,花蓮縣,3.49,小黃瓜、美濃瓜、黑美人西瓜
243,08月17日,許XX,3,高雄市,1.49,苦瓜
421,11月19日,謝XX,3,連江縣,2.62,棗子
997,01月28日,周XX,1,屏東縣,4.89,百香果
82,02月09日,黃XX,2,台北市,2.66,草莓
795,01月29日,曾XX,3,台中市,4.88,草莓
428,11月07日,邱XX,3,彰化縣,4.22,洋香瓜
739,10月24日,張XX,2,新北市,1.04,櫛瓜
911,10月12日,郭XX,1,新竹縣,1.54,草莓
663,01月25日,鄭XX,2,南投縣,4.28,草莓
736,10月15日,賴XX,1,新竹縣,1.63,洋香瓜
346,07月25日,廖XX,3,新竹市,3.89,小黃瓜
584,10月03日,廖XX,1,台東縣,4.41,洋香瓜
365,11月15日,楊XX,1,新竹縣,0.91,草莓
327,11月01日,曾XX,2,新竹市,1.25,大黃瓜
732,10月15日,賴XX,3,連江縣,1.3,草莓
191,09月04日,許XX,1,花蓮縣,1.51,哈密瓜
827,08月08日,王XX,3,新竹市,0.51,苦瓜
322,07月04日,賴XX,2,基隆市,1.45,小黃瓜、美濃瓜、黑美人西瓜
21,08月11日,洪XX,2,嘉義市,4.16,大黃瓜
767,11月13日,廖XX,1,宜蘭縣,1.47,草莓
788,11月18日,張XX,2,彰化縣,0.48,草莓
534,06月21日,洪XX,2,台東縣,2.53,美濃瓜
536,09月03日,王XX,2,新北市,1.91,櫛瓜
124,11月09日,林XX,1,花蓮縣,2.27,草莓
655,03月09日,李XX,2,桃園市,2.54,黃金莓(燈籠果)
211,10月09日,賴XX,1,嘉義縣,2.85,草莓
130,02月25日,林XX,3,台南市,2.51,草莓
513,10月17日,黃XX,1,台中市,0.5,草莓
935,08月17日,鄭XX,1,台南市,3.66,美濃瓜
661,09月08日,蔡XX,2,金門縣,1.1,苦瓜
726,05月08日,郭XX,1,新北市,1.35,苦瓜
750,09月05日,李XX,3,新竹市,4.05,苦瓜
350,02月09日,周XX,2,連江縣,0.4,草莓
642,11月27日,許XX,2,澎湖縣,1.39,草莓
686,09月27日,賴XX,3,金門縣,3.35,洋香瓜
479,09月03日,吳XX,3,新北市,1.71,洋香瓜
338,11月22日,王XX,3,基隆市,2.14,百香果
542,08月19日,吳XX,2,連江縣,4.48,櫛瓜
118,07月31日,廖XX,1,雲林縣,2.32,小黃瓜
810,07月29日,陳XX,2,彰化縣,2.02,小黃瓜
903,11月09日,李XX,1,宜蘭縣,3.24,洋香瓜
759,09月09日,劉XX,1,台北市,3.41,小黃瓜
232,07月18日,陳XX,3,基隆市,1.39,絲瓜
985,08月26日,謝XX,2,宜蘭縣,1.45,苦瓜、絲瓜
733,02月17日,王XX,2,台北市,1.02,黃金莓(燈籠果)
650,11月20日,楊XX,3,嘉義縣,4.35,苦瓜
514,03月14日,林XX,3,台南市,3.47,水蜜桃
494,06月29日,劉XX,3,台南市,1.23,櫛瓜
979,09月16日,洪XX,3,南投縣,2.06,美濃瓜
180,11月20日,廖XX,2,連江縣,0.39,洋香瓜
49,02月22日,陳XX,3,基隆市,3.43,草莓
21,05月22日,楊XX,2,新北市,1.19,苦瓜
622,02月17日,張XX,1,南投縣,1.87,百香果
951,10月21日,周XX,1,新北市,2.6,小黃瓜
97,12月11日,陳XX,3,嘉義縣,0.32,草莓
593,02月17日,周XX,1,連江縣,4.11,草莓
242,02月02日,黃XX,3,台北市,4.08,百香果
768,01月03日,王XX,2,台中市,3.78,草莓
302,03月31日,劉XX,3,苗栗縣,4.14,黃金莓(燈籠果)
144,03月25日,曾XX,1,苗栗縣,1.81,櫛瓜
528,04月03日,林XX,1,高雄市,1.25,櫛瓜
582,03月14日,楊XX,3,台南市,3.34,水蜜桃
794,07月05日,周XX,2,新北市,1.95,美濃瓜
862,09月18日,林XX,1,基隆市,4.46,小黃瓜
912,11月16日,曾XX,2,澎湖縣,0.18,美濃瓜
388,12月09日,王XX,3,台北市,0.94,草莓
897,02月10日,楊XX,2,基隆市,4.36,草莓
182,01月17日,林XX,2,澎湖縣,1.81,百香果
895,09月03日,陳XX,1,雲林縣,4.04,櫛瓜
856,12月08日,鄭XX,3,新北市,1.08,百香果
417,09月11日,林XX,1,連江縣,3.39,美濃瓜
358,09月01日,黃XX,3,苗栗縣,2.16,小黃瓜
166,11月18日,林XX,1,高雄市,0.86,櫛瓜
702,08月04日,邱XX,1,新北市,1.04,小黃瓜、美濃瓜、黑美人西瓜
249,10月23日,劉XX,2,基隆市,2.2,草莓
893,07月21日,蔡XX,1,基隆市,2.99,苦瓜
252,10月11日,謝XX,1,屏東縣,1.98,草莓
538,09月13日,吳XX,1,台中市,1.47,蜜棗
817,10月12日,蔡XX,3,嘉義縣,3.44,洋香瓜
125,10月25日,邱XX,1,苗栗縣,3.08,絲瓜
343,04月01日,楊XX,1,嘉義縣,3.29,櫛瓜
182,01月09日,周XX,2,新北市,4.7,百香果
885,09月25日,洪XX,1,基隆市,4.27,洋香瓜
975,09月08日,李XX,2,高雄市,0.62,哈密瓜
120,10月21日,陳XX,3,高雄市,2.19,洋香瓜
676,09月26日,廖XX,1,苗栗縣,0.14,絲瓜
683,09月18日,曾XX,2,宜蘭縣,0.14,苦瓜
715,02月15日,楊XX,1,嘉義縣,1.93,百香果
540,04月22日,蔡XX,1,台北市,1.56,櫛瓜
237,09月25日,洪XX,1,台東縣,1.78,苦瓜、絲瓜
140,11月19日,王XX,3,苗栗縣,2.96,百香果
967,11月23日,林XX,2,南投縣,0.77,洋香瓜
80,03月03日,賴XX,2,新竹市,2.11,水蜜桃
835,10月20日,王XX,1,新北市,1.71,草莓
800,10月20日,謝XX,3,台南市,2.96,大黃瓜
348,07月06日,謝XX,2,基隆市,1.27,小黃瓜
225,09月26日,周XX,3,嘉義縣,4.83,苦瓜
640,10月11日,吳XX,3,台中市,4.59,草莓
623,12月15日,賴XX,2,南投縣,0.64,櫛瓜
110,03月31日,洪XX,1,桃園市,3.39,水蜜桃
32,12月28日,許XX,3,雲林縣,0.83,百香果
410,01月05日,謝XX,1,台中市,2.44,草莓
939,02月20日,王XX,2,連江縣,1.69,黃金莓(燈籠果)
915,11月09日,劉XX,2,雲林縣,3.3,洋香瓜
457,08月11日,李XX,1,宜蘭縣,3.0,美濃瓜
92,10月18日,邱XX,3,澎湖縣,0.67,苦瓜(翠綠)
191,01月20日,許XX,2,嘉義縣,1.1,草莓
117,12月02日,曾XX,2,台南市,1.9,草莓
467,10月20日,黃XX,2,台東縣,4.02,美濃瓜
370,11月27日,王XX,1,基隆市,0.7,美濃瓜
961,09月06日,蔡XX,2,新竹縣,1.4,棗子
334,08月25日,陳XX,3,新竹縣,0.16,大黃瓜
295,09月14日,劉XX,2,苗栗縣,2.02,大黃瓜
964,01月30日,李XX,3,台中市,1.67,百香果
78,11月12日,張XX,1,桃園市,0.24,百香果
654,09月02日,賴XX,2,嘉義市,1.79,洋香瓜
684,09月14日,洪XX,3,基隆市,2.01,苦瓜
409,02月17日,劉XX,2,台東縣,2.56,草莓
363,06月30日,林XX,3,苗栗縣,1.87,苦瓜
631,07月11日,曾XX,2,嘉義市,3.17,苦瓜
94,08月30日,廖XX,3,苗栗縣,2.32,大黃瓜
449,05月31日,張XX,1,新竹市,1.35,櫛瓜
327,10月05日,謝XX,3,嘉義縣,4.98,草莓
741,11月12日,周XX,3,嘉義縣,3.26,小黃瓜
4,12月20日,林XX,2,宜蘭縣,4.55,百香果
979,02月04日,楊XX,1,台北市,0.11,百香果
920,10月07日,廖XX,1,嘉義市,1.64,草莓
778,10月17日,賴XX,1,嘉義市,1.28,洋香瓜
986,02月16日,許XX,3,新北市,3.34,草莓
929,11月14日,曾XX,3,桃園市,4.94,洋香瓜
595,11月26日,曾XX,1,嘉義市,2.71,草莓
987,12月12日,廖XX,2,南投縣,2.42,草莓
405,11月03日,劉XX,3,台北市,1.22,草莓
600,01月28日,吳XX,2,台北市,2.96,百香果
387,09月26日,黃XX,1,宜蘭縣,3.74,美濃瓜
259,10月11日,洪XX,2,台南市,3.23,絲瓜
284,06月14日,林XX,3,花蓮縣,3.46,櫛瓜
107,07月23日,張XX,1,嘉義市,0.14,櫛瓜
49,10月02日,吳XX,1,花蓮縣,0.17,苦瓜、絲瓜
462,10月28日,周XX,1,苗栗縣,0.77,百香果
597,10月31日,楊XX,2,金門縣,4.23,洋香瓜
831,12月22日,賴XX,3,宜蘭縣,4.8,草莓
594,11月26日,劉XX,1,金門縣,1.8,百香果
594,10月28日,洪XX,3,南投縣,3.53,大黃瓜
777,02月03日,李XX,2,台中市,1.35,草莓
192,06月28日,張XX,2,嘉義縣,4.26,苦瓜
170,02月17日,張XX,3,嘉義縣,2.58,草莓
752,08月22日,曾XX,1,台南市,1.28,苦瓜(翠綠)
529,10月01日,吳XX,2,金門縣,3.31,洋香瓜
115,11月24日,劉XX,3,新竹市,1.89,美濃瓜
24,11月06日,洪XX,2,台南市,0.77,百香果
293,10月09日,賴XX,3,金門縣,3.69,洋香瓜
463,09月08日,周XX,3,台中市,0.48,苦瓜
930,10月27日,張XX,2,花蓮縣,3.57,大黃瓜
171,07月25日,周XX,3,新北市,4.03,哈密瓜
758,10月03日,陳XX,2,台北市,2.02,蜜棗
228,10月28日,廖XX,2,金門縣,0.65,洋香瓜
406,09月12日,楊XX,3,桃園市,2.11,大黃瓜
641,10月06日,鄭XX,1,嘉義市,1.67,百香果
357,02月14日,李XX,1,嘉義市,1.28,草莓
87,09月25日,黃XX,2,金門縣,4.44,小黃瓜
159,01月27日,張XX,2,台北市,1.9,草莓
482,12月08日,黃XX,1,澎湖縣,0.3,大黃瓜
572,02月14日,楊XX,2,南投縣,2.36,草莓
5,11月17日,王XX,1,新竹市,2.38,草莓
683,11月10日,蔡XX,1,苗栗縣,2.31,草莓
319,09月15日,鄭XX,2,金門縣,1.58,洋香瓜
42,11月28日,郭XX,1,苗栗縣,3.71,草莓
9,09月03日,黃XX,1,宜蘭縣,0.27,苦瓜
414,10月15日,謝XX,2,台中市,4.17,百香果
451,11月01日,洪XX,1,南投縣,4.78,草莓
978,01月05日,張XX,2,屏東縣,1.68,甜桃
429,10月16日,林XX,2,金門縣,4.5,苦瓜、絲瓜
688,01月29日,郭XX,1,新竹縣,4.27,草莓
89,10月25日,周XX,1,連江縣,1.11,洋香瓜
165,10月17日,周XX,1,雲林縣,1.27,草莓
500,08月13日,賴XX,1,連江縣,0.88,絲瓜
888,10月27日,李XX,2,新北市,2.15,苦瓜
42,10月02日,張XX,1,新北市,3.95,洋香瓜
348,11月09日,郭XX,1,台中市,4.61,百香果
862,12月06日,黃XX,2,新竹市,2.45,百香果
316,01月04日,鄭XX,3,宜蘭縣,0.21,百香果
470,02月04日,吳XX,1,連江縣,3.29,甜桃
650,05月24日,賴XX,2,彰化縣,1.57,苦瓜
234,08月16日,陳XX,3,彰化縣,4.73,小黃瓜
812,09月01日,曾XX,1,基隆市,3.71,苦瓜
454,10月18日,張XX,2,台北市,1.09,洋香瓜
396,10月12日,林XX,2,台南市,1.68,洋香瓜
299,11月28日,謝XX,3,台中市,0.67,百香果
360,09月13日,劉XX,2,金門縣,4.92,櫛瓜
759,11月03日,曾XX,1,基隆市,4.96,洋香瓜
982,10月19日,楊XX,3,新竹縣,2.25,大黃瓜
145,09月16日,黃XX,1,連江縣,0.63,苦瓜
170,12月08日,周XX,2,苗栗縣,1.83,草莓
403,08月30日,廖XX,2,金門縣,3.32,苦瓜(翠綠)
213,09月10日,洪XX,3,花蓮縣,1.92,小黃瓜
898,07月20日,賴XX,3,高雄市,0.18,美濃瓜
937,04月08日,廖XX,3,宜蘭縣,3.83,櫛瓜
693,06月06日,周XX,1,花蓮縣,1.18,苦瓜
210,02月10日,李XX,3,花蓮縣,3.44,百香果
291,05月11日,張XX,1,桃園市,1.27,櫛瓜
691,09月12日,陳XX,3,彰化縣,3.41,苦瓜
313,10月24日,賴XX,2,彰化縣,3.53,小黃瓜
160,09月25日,楊XX,2,宜蘭縣,0.14,絲瓜
392,02月15日,謝XX,3,連江縣,2.89,黃金莓(燈籠果)
591,01月23日,蔡XX,1,新竹縣,4.78,黃金莓(燈籠果)
795,07月23日,賴XX,1,連江縣,4.97,絲瓜
841,08月01日,許XX,1,基隆市,2.33,櫛瓜
311,12月16日,蔡XX,1,連江縣,1.82,百香果
579,09月06日,黃XX,3,基隆市,1.22,洋香瓜
176,10月03日,謝XX,1,嘉義市,2.75,美濃瓜
90,10月30日,曾XX,1,屏東縣,0.6,美濃瓜
940,11月02日,廖XX,2,台南市,0.96,美濃瓜
179,11月10日,陳XX,1,南投縣,4.56,洋香瓜
588,08月19日,楊XX,3,澎湖縣,0.1,大黃瓜
422,08月06日,陳XX,3,基隆市,2.56,苦瓜
829,11月06日,謝XX,3,金門縣,3.52,洋香瓜
684,08月28日,周XX,1,基隆市,2.75,苦瓜、絲瓜
794,11月02日,許XX,1,屏東縣,0.85,草莓
750,02月03日,賴XX,2,新竹縣,1.84,甜桃
70,10月28日,許XX,2,新竹縣,1.09,蜜棗
210,09月14日,張XX,2,基隆市,2.24,洋香瓜
711,02月25日,郭XX,1,新北市,0.76,草莓
661,10月02日,張XX,1,台中市,3.07,草莓
198,10月27日,郭XX,1,嘉義縣,1.93,百香果
266,09月27日,陳XX,2,台北市,3.96,洋香瓜
799,08月27日,賴XX,3,基隆市,2.09,苦瓜
52,10月23日,張XX,2,宜蘭縣,0.8,百香果
537,10月03日,鄭XX,2,嘉義市,2.77,大黃瓜
199,07月05日,李XX,3,金門縣,2.18,美濃瓜
74,01月10日,劉XX,1,台南市,2.14,草莓
910,05月06日,陳XX,1,花蓮縣,1.84,苦瓜
483,12月07日,蔡XX,1,新竹市,2.62,百香果
258,09月01日,王XX,3,台南市,3.3,美濃瓜
966,09月10日,曾XX,3,花蓮縣,4.91,櫛瓜
896,12月03日,廖XX,2,台北市,0.3,大黃瓜
320,04月20日,邱XX,3,台東縣,2.39,櫛瓜
391,10月25日,洪XX,1,基隆市,2.34,洋香瓜
696,09月10日,賴XX,3,澎湖縣,1.37,蜜棗
623,01月29日,曾XX,2,台中市,0.16,草莓
110,11月10日,周XX,2,連江縣,0.1,草莓
966,03月10日,吳XX,3,澎湖縣,1.16,櫛瓜
666,10月10日,許XX,2,新竹縣,0.33,百香果
248,09月01日,謝XX,1,台南市,0.82,苦瓜(翠綠)
154,08月20日,楊XX,1,桃園市,4.41,小黃瓜
141,02月19日,吳XX,2,花蓮縣,0.22,黃金莓(燈籠果)
142,06月13日,李XX,1,新竹市,4.12,苦瓜
518,11月20日,賴XX,2,苗栗縣,0.3,美濃瓜
605,05月12日,郭XX,1,高雄市,1.53,苦瓜
276,11月07日,謝XX,2,苗栗縣,4.63,草莓
976,11月04日,廖XX,1,花蓮縣,2.04,草莓
382,10月06日,郭XX,2,桃園市,1.55,洋香瓜
384,09月22日,林XX,2,高雄市,0.26,哈密瓜
635,05月29日,賴XX,2,南投縣,0.52,苦瓜
997,01月26日,邱XX,3,屏東縣,0.62,草莓
905,08月02日,邱XX,3,新竹縣,2.58,櫛瓜
990,02月06日,李XX,1,台中市,3.26,草莓
323,06月28日,曾XX,3,桃園市,1.15,苦瓜
417,11月20日,賴XX,2,苗栗縣,4.49,洋香瓜
759,11月28日,許XX,1,嘉義市,0.49,櫛瓜
493,10月05日,廖XX,1,澎湖縣,3.91,草莓
688,11月24日,鄭XX,3,澎湖縣,4.9,洋香瓜
619,02月05日,賴XX,3,金門縣,2.52,草莓
348,01月30日,李XX,3,新竹縣,4.94,草莓
556,12月12日,郭XX,2,苗栗縣,3.66,大黃瓜
799,08月26日,周XX,1,彰化縣,4.28,哈密瓜
649,02月16日,鄭XX,1,新竹縣,2.57,草莓
129,02月21日,洪XX,1,高雄市,1.47,百香果
894,12月24日,賴XX,1,台南市,1.43,草莓
448,07月29日,郭XX,1,台南市,3.15,小黃瓜、美濃瓜、黑美人西瓜
581,03月09日,蔡XX,1,花蓮縣,1.21,黃金莓(燈籠果)
677,09月19日,李XX,3,雲林縣,1.55,洋香瓜
469,09月26日,郭XX,1,澎湖縣,4.34,小黃瓜
742,09月30日,劉XX,2,新竹縣,2.17,洋香瓜
917,01月20日,楊XX,1,台北市,0.58,甜桃
557,07月19日,林XX,3,嘉義市,2.91,絲瓜
94,08月28日,邱XX,1,南投縣,0.38,櫛瓜
824,02月14日,鄭XX,1,澎湖縣,2.05,百香果
952,09月06日,陳XX,3,桃園市,2.59,洋香瓜
438,09月26日,周XX,3,屏東縣,0.25,蜜棗
15,12月01日,林XX,1,苗栗縣,4.25,草莓
294,12月02日,曾XX,1,連江縣,3.08,棗子
746,09月06日,陳XX,2,台南市,4.3,洋香瓜
150,12月11日,黃XX,1,嘉義縣,3.96,草莓
201,09月15日,張XX,1,台北市,2.52,洋香瓜
940,10月17日,邱XX,1,連江縣,1.72,絲瓜
442,03月09日,陳XX,3,苗栗縣,1.23,黃金莓(燈籠果)
776,11月25日,洪XX,1,基隆市,0.41,苦瓜
712,01月10日,曾XX,2,花蓮縣,0.14,草莓
541,11月12日,洪XX,1,花蓮縣,2.49,小黃瓜
633,12月13日,張XX,3,彰化縣,0.74,草莓
866,09月16日,李XX,1,新竹市,4.34,絲瓜
414,11月23日,周XX,1,南投縣,1.02,草莓
146,03月02日,鄭XX,1,嘉義縣,1.52,櫛瓜
131,12月09日,林XX,2,桃園市,1.82,草莓
17,08月07日,邱XX,1,彰化縣,4.87,小黃瓜、美濃瓜、黑美人西瓜
558,11月30日,張XX,1,嘉義市,1.1,美濃瓜
995,09月27日,謝XX,3,桃園市,3.48,大黃瓜
73,10月12日,蔡XX,3,彰化縣,2.94,百香果
519,12月11日,許XX,3,新竹市,2.8,草莓
498,12月18日,蔡XX,2,台南市,4.86,百香果
346,10月05日,曾XX,2,嘉義縣,2.52,百香果
179,07月05日,林XX,1,新竹市,3.61,小黃瓜、美濃瓜、黑美人西瓜
105,09月07日,林XX,1,嘉義縣,1.17,絲瓜
114,07月11日,許XX,1,台中市,3.33,小黃瓜、美濃瓜、黑美人西瓜
788,09月17日,李XX,3,雲林縣,0.35,哈密瓜
607,12月07日,蔡XX,3,高雄市,4.89,草莓
861,07月22日,王XX,3,澎湖縣,3.63,苦瓜
222,03月14日,鄭XX,1,金門縣,0.46,水蜜桃
541,05月24日,周XX,3,雲林縣,0.24,苦瓜
343,08月23日,林XX,1,新竹市,1.67,小黃瓜
509,01月17日,曾XX,2,高雄市,2.69,草莓
562,06月04日,楊XX,3,花蓮縣,1.23,美濃瓜
472,01月01日,黃XX,2,台東縣,3.15,百香果
497,12月04日,賴XX,3,台中市,4.47,草莓
471,11月22日,劉XX,1,台中市,1.24,苦瓜
879,08月18日,林XX,1,新北市,4.23,小黃瓜
849,03月18日,郭XX,2,彰化縣,4.55,櫛瓜
515,03月25日,周XX,1,新北市,1.69,櫛瓜
719,10月09日,郭XX,3,基隆市,2.31,洋香瓜
630,11月04日,吳XX,3,台中市,0.58,百香果
551,11月29日,林XX,2,高雄市,2.84,美濃瓜
46,10月24日,楊XX,2,澎湖縣,4.34,櫛瓜
142,02月25日,鄭XX,3,花蓮縣,0.9,草莓
844,12月10日,蔡XX,3,基隆市,1.42,百香果
503,10月02日,蔡XX,1,花蓮縣,0.19,草莓
781,09月11日,賴XX,2,新北市,0.7,洋香瓜
635,09月11日,廖XX,1,新竹縣,2.52,洋香瓜
515,01月28日,王XX,1,苗栗縣,3.58,草莓
626,02月18日,劉XX,3,宜蘭縣,4.54,草莓
713,10月08日,蔡XX,3,宜蘭縣,2.15,苦瓜、絲瓜
153,09月26日,周XX,1,花蓮縣,0.93,小黃瓜
335,11月07日,周XX,2,台東縣,1.27,小黃瓜
624,08月15日,劉XX,3,屏東縣,3.62,哈密瓜
797,11月01日,王XX,3,新竹市,0.59,美濃瓜
91,07月13日,郭XX,3,新竹縣,0.85,苦瓜
398,05月03日,許XX,2,金門縣,4.55,苦瓜
923,07月30日,劉XX,3,宜蘭縣,2.19,小黃瓜
300,09月08日,廖XX,3,高雄市,1.57,美濃瓜
169,07月15日,周XX,2,澎湖縣,1.34,小黃瓜
347,10月01日,蔡XX,2,彰化縣,4.17,百香果
611,12月06日,許XX,1,新竹市,2.19,草莓
798,06月01日,鄭XX,2,台北市,0.29,美濃瓜
527,11月12日,邱XX,1,花蓮縣,2.66,苦瓜
561,11月14日,楊XX,1,台南市,0.41,洋香瓜
96,04月02日,周XX,3,新竹縣,4.7,櫛瓜
665,11月24日,謝XX,2,南投縣,1.84,洋香瓜
732,08月17日,廖XX,2,嘉義市,0.41,絲瓜
150,08月28日,廖XX,1,彰化縣,1.29,絲瓜
822,01月05日,邱XX,2,新竹市,1.13,草莓
44,03月19日,蔡XX,2,嘉義市,3.12,水蜜桃
474,12月13日,林XX,3,彰化縣,2.42,草莓
249,05月10日,陳XX,1,台東縣,4.99,櫛瓜
266,01月10日,蔡XX,3,台東縣,4.47,草莓
442,12月21日,許XX,1,宜蘭縣,3.55,草莓
630,04月21日,吳XX,1,雲林縣,2.04,櫛瓜
898,01月15日,鄭XX,1,嘉義市,3.56,草莓
223,12月26日,廖XX,2,桃園市,0.42,草莓
194,01月30日,周XX,2,連江縣,3.32,草莓
730,09月11日,廖XX,2,新竹市,1.23,蜜棗
289,08月06日,陳XX,1,新竹市,3.18,大黃瓜
436,10月30日,林XX,1,連江縣,4.91,絲瓜
616,11月11日,林XX,1,嘉義市,3.91,洋香瓜
974,03月20日,許XX,2,嘉義市,3.33,櫛瓜
746,11月11日,廖XX,1,新竹市,0.65,棗子
195,09月23日,李XX,1,新北市,2.85,絲瓜
924,12月05日,楊XX,2,新竹縣,2.29,草莓
538,09月20日,蔡XX,2,花蓮縣,4.45,大黃瓜
662,11月04日,鄭XX,2,連江縣,3.16,草莓
463,01月06日,李XX,3,彰化縣,3.17,草莓
1000,12月05日,李XX,3,宜蘭縣,0.43,大黃瓜
207,12月18日,李XX,1,金門縣,1.08,百香果
24,08月12日,楊XX,1,台中市,1.47,小黃瓜
179,07月14日,林XX,1,新竹市,2.09,小黃瓜、美濃瓜、黑美人西瓜
39,10月26日,賴XX,2,新竹縣,4.46,大黃瓜
54,10月21日,謝XX,2,連江縣,3.69,草莓
247,11月09日,許XX,3,彰化縣,1.17,草莓
176,02月17日,劉XX,2,南投縣,4.81,百香果
423,02月04日,吳XX,2,嘉義市,4.12,草莓
906,07月02日,賴XX,1,台中市,4.12,美濃瓜
272,11月10日,廖XX,1,台南市,3.51,棗子
34,01月27日,黃XX,1,連江縣,1.4,水蜜桃
869,10月23日,郭XX,2,台北市,3.86,洋香瓜
2,02月11日,許XX,3,高雄市,2.62,草莓
673,01月11日,吳XX,1,南投縣,2.21,百香果
332,10月11日,廖XX,1,基隆市,3.05,美濃瓜
43,11月21日,楊XX,3,新竹市,0.76,洋香瓜
87,10月04日,謝XX,1,彰化縣,2.9,苦瓜(翠綠)
728,01月20日,郭XX,2,新竹市,0.21,草莓
357,07月25日,陳XX,3,嘉義縣,1.71,哈密瓜
757,03月06日,楊XX,3,嘉義縣,1.54,黃金莓(燈籠果)
448,11月17日,陳XX,1,苗栗縣,4.34,洋香瓜
949,10月20日,王XX,3,屏東縣,3.06,百香果
558,03月14日,謝XX,1,台東縣,3.71,甜桃
416,01月04日,邱XX,3,高雄市,2.67,黃金莓(燈籠果)
538,10月14日,邱XX,1,南投縣,1.94,絲瓜
938,08月29日,黃XX,2,台中市,3.85,絲瓜
572,09月23日,謝XX,2,雲林縣,0.1,大黃瓜
941,06月22日,李XX,2,基隆市,4.93,美濃瓜
597,11月16日,吳XX,3,苗栗縣,0.86,洋香瓜
180,11月27日,李XX,2,彰化縣,0.79,洋香瓜
798,06月15日,吳XX,3,台東縣,1.31,櫛瓜
84,02月22日,郭XX,1,台南市,3.17,水蜜桃
598,01月22日,張XX,3,台中市,0.78,黃金莓(燈籠果)
465,09月23日,劉XX,3,新竹縣,0.45,洋香瓜
393,09月05日,王XX,1,澎湖縣,4.58,洋香瓜
553,07月08日,廖XX,3,嘉義市,2.15,苦瓜
648,11月30日,鄭XX,2,苗栗縣,2.96,洋香瓜
988,09月15日,黃XX,2,雲林縣,1.28,小黃瓜
600,10月28日,邱XX,2,新竹市,3.71,洋香瓜
641,08月31日,郭XX,2,澎湖縣,4.92,苦瓜
417,08月24日,王XX,2,新竹市,2.16,美濃瓜
413,01月29日,廖XX,1,苗栗縣,2.0,草莓
74,02月06日,劉XX,3,新北市,3.8,草莓
253,10月03日,蔡XX,1,南投縣,3.27,草莓
775,11月08日,許XX,3,台北市,4.45,大黃瓜
136,01月28日,邱XX,1,台北市,0.53,黃金莓(燈籠果)
964,12月14日,賴XX,1,嘉義市,2.66,草莓
642,06月06日,賴XX,1,連江縣,1.88,美濃瓜
383,11月04日,洪XX,3,台東縣,0.44,草莓
972,09月15日,郭XX,1,新竹市,3.89,苦瓜(翠綠)
227,11月18日,賴XX,1,新竹縣,2.88,草莓
43,08月14日,張XX,2,高雄市,1.96,絲瓜
734,09月01日,郭XX,2,苗栗縣,1.82,櫛瓜
910,07月27日,李XX,2,台南市,2.61,小黃瓜、美濃瓜、黑美人西瓜
672,03月30日,廖XX,2,彰化縣,4.28,水蜜桃
577,09月09日,曾XX,2,台東縣,4.45,洋香瓜
118,12月16日,許XX,2,嘉義市,2.46,百香果
246,07月19日,賴XX,2,屏東縣,3.16,小黃瓜
692,10月12日,陳XX,1,嘉義縣,2.62,棗子
924,02月24日,楊XX,3,基隆市,4.85,草莓
972,01月06日,李XX,3,澎湖縣,3.86,黃金莓(燈籠果)
222,05月14日,洪XX,1,台東縣,2.7,苦瓜
3,09月09日,郭XX,1,台北市,3.13,櫛瓜
900,11月06日,賴XX,1,新北市,3.03,美濃瓜
64,10月04日,吳XX,1,新北市,2.98,苦瓜(翠綠)
193,12月11日,洪XX,1,台北市,4.15,草莓
122,09月16日,周XX,3,台東縣,3.38,絲瓜
315,09月11日,廖XX,3,高雄市,3.88,洋香瓜
684,08月23日,謝XX,2,宜蘭縣,4.47,小黃瓜
601,10月26日,周XX,1,澎湖縣,2.96,絲瓜
292,09月17日,陳XX,3,台東縣,3.72,櫛瓜
499,02月19日,王XX,3,桃園市,2.72,百香果
450,10月11日,許XX,3,連江縣,1.43,苦瓜(翠綠)
377,08月08日,洪XX,1,南投縣,2.4,哈密瓜
958,12月12日,廖XX,3,連江縣,4.37,百香果
939,02月17日,洪XX,1,高雄市,2.0,草莓
124,11月04日,劉XX,2,新竹市,2.78,草莓
681,09月21日,吳XX,1,金門縣,0.25,洋香瓜
400,02月01日,曾XX,1,嘉義市,4.15,百香果
238,09月15日,鄭XX,3,南投縣,4.07,美濃瓜
834,02月05日,周XX,3,台東縣,1.55,草莓
201,07月18日,吳XX,1,台東縣,3.26,苦瓜
148,01月26日,吳XX,3,花蓮縣,0.21,草莓
586,08月01日,楊XX,1,澎湖縣,1.18,美濃瓜
571,08月11日,李XX,1,新竹縣,4.7,美濃瓜
920,09月14日,廖XX,3,台南市,1.25,美濃瓜
692,10月17日,林XX,3,苗栗縣,1.3,苦瓜(翠綠)
329,02月10日,王XX,2,新北市,1.24,草莓
565,12月01日,王XX,1,金門縣,3.89,草莓
400,07月14日,吳XX,1,嘉義縣,1.58,美濃瓜
103,02月19日,邱XX,3,台南市,2.87,草莓
228,11月28日,陳XX,3,澎湖縣,0.21,草莓
570,06月12日,張XX,3,新北市,3.18,苦瓜
23,09月23日,曾XX,1,雲林縣,3.86,棗子
706,10月22日,陳XX,3,宜蘭縣,2.78,美濃瓜
771,05月31日,陳XX,2,連江縣,2.9,苦瓜
281,07月13日,劉XX,3,嘉義市,1.03,美濃瓜
623,01月30日,黃XX,2,苗栗縣,0.37,草莓
490,01月27日,許XX,2,基隆市,4.36,草莓
507,08月20日,黃XX,3,台中市,1.66,絲瓜
243,11月02日,鄭XX,2,新竹市,4.78,草莓
528,02月09日,黃XX,2,基隆市,4.61,水蜜桃
701,07月04日,周XX,1,新竹縣,2.37,小黃瓜、美濃瓜、黑美人西瓜
448,06月26日,蔡XX,2,新北市,0.32,美濃瓜
480,10月18日,曾XX,3,雲林縣,1.51,苦瓜(翠綠)
811,01月18日,王XX,2,金門縣,4.15,百香果
759,09月28日,陳XX,3,高雄市,4.76,洋香瓜
322,07月02日,曾XX,2,台南市,3.94,小黃瓜
515,02月11日,廖XX,3,澎湖縣,1.18,百香果
489,11月21日,王XX,2,屏東縣,0.84,苦瓜
815,11月30日,周XX,3,台南市,1.07,大黃瓜
578,01月05日,蔡XX,3,苗栗縣,1.3,草莓
369,11月05日,曾XX,3,新北市,0.33,草莓
234,01月29日,陳XX,3,金門縣,0.44,草莓
876,09月13日,張XX,1,台東縣,4.04,苦瓜
796,07月22日,李XX,3,新北市,0.14,美濃瓜
589,09月14日,王XX,3,高雄市,4.45,大黃瓜
425,08月26日,邱XX,1,台中市,3.37,小黃瓜
812,06月15日,廖XX,3,彰化縣,0.38,櫛瓜
611,12月14日,吳XX,3,宜蘭縣,2.67,草莓
926,10月14日,劉XX,3,宜蘭縣,2.92,百香果
942,09月02日,謝XX,2,南投縣,3.93,小黃瓜
848,02月03日,張XX,1,基隆市,1.79,黃金莓(燈籠果)
33,10月19日,陳XX,2,宜蘭縣,3.93,洋香瓜
127,10月01日,吳XX,3,苗栗縣,1.11,草莓
896,10月15日,陳XX,2,宜蘭縣,4.4,苦瓜(翠綠)
280,05月03日,張XX,3,台北市,1.35,櫛瓜
708,05月26日,吳XX,2,屏東縣,2.14,苦瓜
112,10月07日,黃XX,1,花蓮縣,3.35,絲瓜
627,04月11日,蔡XX,3,新北市,1.76,櫛瓜
549,04月08日,邱XX,3,花蓮縣,4.51,櫛瓜
299,12月28日,吳XX,2,台南市,4.62,草莓
959,11月10日,鄭XX,1,嘉義市,0.11,草莓
331,09月24日,廖XX,2,台南市,2.42,美濃瓜
441,11月25日,謝XX,3,高雄市,4.81,苦瓜
754,02月13日,賴XX,2,花蓮縣,2.28,水蜜桃
422,09月18日,李XX,3,嘉義縣,0.27,苦瓜、絲瓜
776,08月29日,廖XX,2,花蓮縣,3.09,小黃瓜
885,11月15日,張XX,1,桃園市,1.5,草莓
842,09月18日,吳XX,1,台北市,1.04,苦瓜
694,10月30日,洪XX,3,嘉義縣,4.18,草莓
817,12月13日,王XX,1,新北市,2.51,櫛瓜
747,09月05日,黃XX,3,新竹縣,2.2,苦瓜、絲瓜
237,01月22日,洪XX,1,花蓮縣,4.43,草莓
972,03月12日,王XX,2,新竹縣,2.21,黃金莓(燈籠果)
991,09月13日,楊XX,1,新竹縣,0.89,大黃瓜
392,07月18日,周XX,1,雲林縣,4.23,美濃瓜
381,07月09日,周XX,1,宜蘭縣,4.57,櫛瓜
179,09月08日,陳XX,2,嘉義縣,3.79,棗子
310,06月20日,許XX,3,宜蘭縣,0.9,苦瓜
706,11月21日,鄭XX,2,台北市,4.18,草莓
840,12月29日,郭XX,2,澎湖縣,1.59,草莓
86,10月05日,蔡XX,1,屏東縣,3.44,苦瓜
330,09月13日,張XX,1,宜蘭縣,4.41,蜜棗
609,08月08日,邱XX,2,新北市,3.32,小黃瓜、美濃瓜、黑美人西瓜
633,09月01日,李XX,2,南投縣,0.96,小黃瓜
406,05月06日,洪XX,2,台北市,1.34,苦瓜
344,09月24日,林XX,1,屏東縣,0.89,苦瓜、絲瓜
897,02月26日,王XX,2,澎湖縣,2.54,甜桃
906,09月11日,劉XX,2,桃園市,1.82,洋香瓜
566,02月07日,許XX,2,彰化縣,2.89,草莓
550,09月01日,劉XX,2,彰化縣,4.37,美濃瓜
701,11月09日,洪XX,2,彰化縣,0.21,小黃瓜
14,11月05日,劉XX,1,南投縣,0.45,洋香瓜
891,10月19日,廖XX,1,台東縣,3.28,美濃瓜
232,01月07日,蔡XX,2,台中市,0.52,甜桃
236,09月23日,周XX,1,新北市,1.35,洋香瓜
820,02月12日,蔡XX,2,嘉義市,2.4,草莓
432,10月06日,李XX,2,花蓮縣,0.83,絲瓜
695,10月01日,郭XX,2,台南市,4.75,百香果
886,02月18日,黃XX,2,新竹縣,3.52,草莓
911,05月22日,張XX,3,連江縣,3.28,櫛瓜
516,06月16日,周XX,3,嘉義市,0.75,美濃瓜
604,10月23日,謝XX,2,高雄市,1.98,美濃瓜
311,09月22日,曾XX,2,台東縣,4.94,苦瓜
343,10月05日,王XX,1,屏東縣,3.71,草莓
568,06月23日,鄭XX,1,台北市,1.54,小黃瓜、美濃瓜、黑美人西瓜
581,08月19日,林XX,1,花蓮縣,4.26,苦瓜
332,10月24日,黃XX,2,嘉義縣,2.06,洋香瓜
132,11月18日,洪XX,1,基隆市,1.92,苦瓜
131,11月20日,楊XX,2,連江縣,3.43,櫛瓜
77,10月20日,謝XX,3,宜蘭縣,1.8,美濃瓜
722,11月18日,廖XX,3,屏東縣,0.18,草莓
812,10月02日,李XX,2,台北市,0.12,洋香瓜
638,09月11日,吳XX,2,嘉義縣,0.18,美濃瓜
494,10月10日,張XX,2,台東縣,4.54,苦瓜
171,05月06日,黃XX,2,澎湖縣,4.62,苦瓜
648,09月18日,楊XX,3,金門縣,0.32,洋香瓜
994,05月21日,王XX,2,桃園市,1.08,櫛瓜
856,04月05日,郭XX,3,新竹市,3.35,櫛瓜
68,10月05日,蔡XX,2,新北市,1.5,棗子
287,07月31日,黃XX,3,雲林縣,3.72,美濃瓜
429,04月02日,郭XX,1,台東縣,2.5,櫛瓜
11,11月06日,張XX,3,屏東縣,2.53,洋香瓜
457,10月11日,張XX,3,南投縣,3.26,洋香瓜
253,06月08日,林XX,3,桃園市,3.78,美濃瓜
640,06月29日,蔡XX,2,基隆市,0.11,美濃瓜
444,10月25日,陳XX,3,花蓮縣,4.78,百香果
281,01月13日,李XX,2,彰化縣,1.6,百香果
515,02月02日,鄭XX,1,基隆市,3.66,百香果
52,11月24日,許XX,1,彰化縣,2.02,百香果
835,11月18日,鄭XX,2,屏東縣,2.18,洋香瓜
593,01月22日,廖XX,1,雲林縣,4.22,百香果
263,02月17日,李XX,2,台南市,1.2,草莓
256,11月18日,楊XX,3,新竹市,3.88,草莓
736,02月08日,林XX,2,台中市,1.15,草莓
765,10月04日,謝XX,2,台中市,3.98,棗子
685,06月15日,郭XX,1,高雄市,0.15,櫛瓜
237,10月15日,謝XX,2,台北市,1.56,草莓
267,04月12日,吳XX,3,台南市,4.04,櫛瓜
563,01月05日,蔡XX,3,苗栗縣,0.84,水蜜桃
218,12月24日,曾XX,2,彰化縣,0.83,草莓
276,09月22日,吳XX,3,台中市,1.31,苦瓜
482,08月03日,郭XX,3,台中市,1.04,櫛瓜
282,10月11日,劉XX,1,金門縣,3.97,洋香瓜
193,01月30日,周XX,2,連江縣,2.62,草莓
481,11月27日,邱XX,2,彰化縣,4.44,美濃瓜
289,11月05日,邱XX,2,屏東縣,4.08,百香果
417,08月08日,張XX,1,彰化縣,2.71,大黃瓜
983,09月17日,王XX,1,南投縣,4.35,大黃瓜
250,10月24日,蔡XX,2,新竹縣,3.74,大黃瓜
638,09月25日,賴XX,2,基隆市,2.53,洋香瓜
269,10月04日,郭XX,2,南投縣,2.77,草莓
974,02月08日,郭XX,1,台南市,0.18,草莓
10,01月03日,鄭XX,2,嘉義縣,1.99,黃金莓(燈籠果)
148,10月16日,廖XX,2,連江縣,0.31,洋香瓜
714,01月05日,賴XX,3,苗栗縣,2.67,百香果
277,10月11日,曾XX,2,彰化縣,4.29,棗子
510,09月11日,蔡XX,1,台南市,4.07,洋香瓜
886,09月25日,謝XX,2,花蓮縣,0.79,哈密瓜
81,05月25日,王XX,3,雲林縣,3.5,苦瓜
544,11月20日,賴XX,3,連江縣,3.34,洋香瓜
704,10月04日,吳XX,1,台東縣,2.72,苦瓜
166,11月11日,謝XX,3,宜蘭縣,4.04,草莓
132,10月14日,鄭XX,3,花蓮縣,3.15,百香果
722,10月19日,張XX,1,桃園市,0.37,洋香瓜
369,02月16日,楊XX,3,屏東縣,3.8,草莓
400,03月21日,許XX,2,花蓮縣,3.55,黃金莓(燈籠果)
703,02月04日,謝XX,2,彰化縣,0.17,黃金莓(燈籠果)
546,10月08日,楊XX,2,屏東縣,1.37,小黃瓜
655,11月07日,林XX,1,苗栗縣,1.59,洋香瓜
612,11月15日,謝XX,2,新竹市,4.94,棗子
917,08月15日,鄭XX,2,宜蘭縣,0.44,小黃瓜
592,09月25日,邱XX,2,台北市,2.25,苦瓜
744,02月11日,王XX,2,新北市,0.93,草莓
25,12月29日,王XX,1,花蓮縣,4.23,草莓
572,10月08日,蔡XX,2,新竹縣,2.36,棗子
781,12月15日,廖XX,3,屏東縣,4.09,草莓
191,09月21日,林XX,3,台中市,0.33,洋香瓜
104,09月03日,林XX,1,新竹市,1.86,絲瓜
174,11月12日,周XX,1,彰化縣,3.94,苦瓜
961,10月13日,黃XX,3,台東縣,0.23,洋香瓜
732,12月10日,曾XX,3,基隆市,1.93,百香果
273,11月05日,林XX,2,南投縣,1.2,百香果
416,02月28日,張XX,2,新竹市,1.12,草莓
136,11月08日,洪XX,1,新竹市,0.77,美濃瓜
818,02月26日,廖XX,2,花蓮縣,4.01,水蜜桃
604,08月17日,邱XX,1,高雄市,3.04,美濃瓜
194,09月20日,鄭XX,1,苗栗縣,1.98,苦瓜(翠綠)
411,12月14日,曾XX,2,台南市,1.01,草莓
442,02月09日,廖XX,1,高雄市,3.02,百香果
531,12月14日,賴XX,1,花蓮縣,3.54,百香果
607,09月27日,郭XX,1,連江縣,1.98,洋香瓜
294,06月16日,洪XX,2,嘉義市,3.73,苦瓜
542,09月13日,曾XX,1,桃園市,4.73,苦瓜
594,02月10日,鄭XX,2,屏東縣,0.18,水蜜桃
875,09月28日,黃XX,3,高雄市,3.9,櫛瓜
403,06月03日,周XX,3,台北市,4.78,美濃瓜
7,10月01日,劉XX,1,苗栗縣,0.66,大黃瓜
821,02月09日,周XX,3,新竹市,1.83,草莓
773,10月22日,廖XX,2,台南市,3.25,小黃瓜
248,09月15日,蔡XX,2,新竹縣,3.96,美濃瓜
273,10月30日,李XX,3,雲林縣,0.24,大黃瓜
200,12月26日,劉XX,3,桃園市,1.35,百香果
542,07月11日,劉XX,1,基隆市,3.37,小黃瓜、美濃瓜、黑美人西瓜
606,10月13日,李XX,3,台中市,3.35,百香果
584,11月20日,陳XX,2,新北市,1.93,草莓
940,11月12日,吳XX,3,台南市,0.56,草莓
600,06月23日,鄭XX,3,宜蘭縣,3.81,美濃瓜
335,09月02日,郭XX,2,台北市,1.39,絲瓜
356,07月27日,王XX,1,桃園市,0.38,苦瓜
134,01月06日,李XX,1,基隆市,2.28,草莓
731,09月26日,吳XX,3,新竹市,4.83,苦瓜、絲瓜
928,12月09日,邱XX,3,台南市,4.27,草莓
263,10月17日,林XX,2,南投縣,2.72,洋香瓜
682,07月13日,邱XX,2,連江縣,2.14,哈密瓜
836,11月09日,李XX,1,桃園市,4.09,洋香瓜
23,09月01日,謝XX,1,嘉義縣,3.21,美濃瓜
287,05月30日,李XX,3,苗栗縣,3.8,苦瓜
267,10月18日,林XX,2,高雄市,1.08,櫛瓜
